t_h,state,hv,tms,Tcell_C,Tbatcool_C,Qheat_kW,Qchill_kW,Ptms_kW,Paux_kW,k_dis,k_chg,soc
0,0,0,0,0,0,0,0,0,10,0,0,0.6
0.000555555555555556,1,1,1,3.83323595087859e-08,1.49782408698229e-10,0,0,0,10,0,0,0.5999988809718
0.000557852004466924,1,1,1,3.53786106188636e-07,2.55935642030636e-05,3.9692935510314,0,7.44348709941849,10,0,0,0.599998674650765
0.000566311830619362,1,1,1,1.10199209757411e-06,0.000120608149927648,4.01806051510638,0,7.49225406349348,10,0,0,0.599998067974339
0.000574898018891341,1,1,1,1.47248039183978e-06,0.000218213189043581,4.06725309872308,0,7.54144664711018,10,0,0,0.599997638249381
0.000583633830144316,1,1,1,1.65855067280063e-06,0.000318722320287179,4.11699178002314,0,7.59118532841024,10,0,0,0.599997331814073
0.000592455140243574,1,1,1,1.7537646499477e-06,0.000421438698140264,4.16690081154179,0,7.64109435992889,10,0,0,0.599997112895424
0.000601276450342833,1,1,1,1.80456436282839e-06,0.000525376582800163,4.21649385817782,0,7.69068740656492,10,0,0,0.599996955246544
0.000610097760442091,1,1,1,1.83392700137119e-06,0.000630528004705866,4.26577292049991,0,7.73996646888701,10,0,0,0.599996838802038
0.00062004817394359,1,1,1,1.85476125125206e-06,0.000750585082187172,4.32098521514236,0,7.79517876352946,10,0,0,0.599996740192823
0.000630643789389226,1,1,1,1.87034697773925e-06,0.000880100624215174,4.37934432963473,0,7.85353787802182,10,0,0,0.599996659810798
0.000643312540570204,1,1,1,1.88534966127918e-06,0.00103720461743251,4.44854009049513,0,7.92273363888222,10,0,0,0.599996584013545
0.000658486178012799,1,1,1,1.90183465065275e-06,0.00122856253005921,4.53059092738143,0,8.00478447576852,10,0,0,0.599996509672346
0.000658486178866658,1,1,1,1.90183612858164e-06,0.00122856254097314,4.53059093197346,0,8.00478448036056,10,0,0,0.599996509672153
0.000658487727579849,1,1,1,1.90488049156556e-06,0.00122858224841593,4.53059926090891,0,8.00479280929601,10,0,0,0.599996509145626
0.00065850991671328,1,1,1,1.93478325627439e-06,0.00122886461025473,4.53071859241702,0,8.00491214080412,10,0,0,0.599996502937189
0.000658531947357275,1,1,1,1.94887195448246e-06,0.00122914496262183,4.53083706969468,0,8.00503061808178,10,0,0,0.599996498691497
0.000658554077845761,1,1,1,1.95563853822023e-06,0.00122942659282899,4.53095608202795,0,8.00514963041505,10,0,0,0.599996495744136
0.000658576335632753,1,1,1,1.95890947907174e-06,0.00122970985040638,4.53107577702862,0,8.00526932541572,10,0,0,0.599996493691551
0.000658598648184566,1,1,1,1.96050240219847e-06,0.00122999381227373,4.53119576461108,0,8.00538931299818,10,0,0,0.599996492261073
0.000658620960736378,1,1,1,1.96129144569568e-06,0.00123027778158757,4.53131575026596,0,8.00550929865306,10,0,0,0.599996491259233
0.00065864327328819,1,1,1,1.96169486343933e-06,0.0012305617583479,4.53143573399327,0,8.00562928238037,10,0,0,0.599996490549891
0.000658665585840003,1,1,1,1.961910868431e-06,0.00123084574255472,4.53155571579306,0,8.00574926418016,10,0,0,0.599996490040145
0.000658687898391815,1,1,1,1.96203427549335e-06,0.00123112973426487,4.53167569566535,0,8.00586924405245,10,0,0,0.599996489666602
0.000658711836552846,1,1,1,1.96211539105207e-06,0.0012314344249944,4.53180441467996,0,8.00599796306705,10,0,0,0.59999648936832
0.000658738619530011,1,1,1,1.96217524717213e-06,0.00123177533555463,4.53194842805991,0,8.006141976447,10,0,0,0.599996489117678
0.000658767912808831,1,1,1,1.96222265458346e-06,0.00123214821087458,4.53210593627508,0,8.00629948466218,10,0,0,0.599996488907395
0.000658802104848022,1,1,1,1.96226704929359e-06,0.00123258345865906,4.53228978063119,0,8.00648332901829,10,0,0,0.599996488712614
0.00065884132728291,1,1,1,1.96231087556953e-06,0.00123308276243961,4.53250066693349,0,8.00669421532058,10,0,0,0.599996488526882
0.000658880549717797,1,1,1,1.9623511775535e-06,0.00123358208924174,4.53271154728041,0,8.0069050956675,10,0,0,0.599996488362433
0.000658919772152685,1,1,1,1.96239000160858e-06,0.00123408143906545,4.53292242167212,0,8.00711597005921,10,0,0,0.59999648820885
0.00065897040606646,1,1,1,1.96243962591325e-06,0.00123472610471254,4.53319463961087,0,8.00738818799796,10,0,0,0.599996488018355
0.000659038192302965,1,1,1,1.96250516637519e-06,0.00123558921177391,4.53355905629447,0,8.00775260468156,10,0,0,0.599996487769104
0.000659145863587933,1,1,1,1.9626088487712e-06,0.00123696030811971,4.53413785718809,0,8.00833140557519,10,0,0,0.5999964873773
0.000659408445810027,1,1,1,1.96286225673248e-06,0.00124030478031045,4.53554921369237,0,8.00974276207947,10,0,0,0.599996486424694
0.000687444718335448,1,1,1,1.99301069869762e-06,0.00160327817587813,4.68471818830437,0,8.15891173669147,10,0,0,0.599996384313091
0.00111111111111111,2,1,1,3.32288118443103e-06,0.00836512845813786,6.60680797407216,0,10.0810015224593,10,0,0,0.599994748368763
0.00219498800907232,2,1,1,1.67056383588715e-05,0.0332174238759535,9.53091091962888,0,13.005104468016,10,0,0,0.599990005431147
0.00352929929647628,2,1,1,5.86043999533103e-05,0.0713159945634061,11.057153243494,0,14.5313467918811,10,0,0,0.599983586467615
0.005,2,1,1,0.000141705913961232,0.116604749945964,11.6738004399165,0,15.1479939883036,10,0,0,0.599976213188759
0.00805555555555556,2,1,1,0.000442747894680906,0.211550223493305,11.9643943622463,0,15.4385879106334,10,0,0,0.599960617030952
0.0111111111111111,2,1,1,0.000914197643169246,0.303501381077979,11.9961117998348,0,15.4703053482219,10,0,0,0.599944948287719
0.0141666666666667,2,1,1,0.00154927418549278,0.391715754121265,11.9995754014744,0,15.4737689498615,10,0,0,0.599929271529123
0.0172222222222222,2,1,1,0.00234085205778456,0.476261699309987,11.9999536330692,0,15.4741471814563,10,0,0,0.599913593828573
0.0202777777777778,2,1,1,0.00328204953689237,0.55728950878148,11.9999949366469,0,15.474188485034,10,0,0,0.599897915976957
0.0233333333333333,2,1,1,0.00436628146752582,0.634952164071763,11.9999994470726,0,15.4741929954597,10,0,0,0.599882238073428
0.0263888888888889,2,1,1,0.00558725310884256,0.709396956611954,11.9999999396193,0,15.4741934880064,10,0,0,0.599866560137682
0.0294444444444444,2,1,1,0.00693894773922921,0.780764834945444,11.9999999934063,0,15.4741935417934,10,0,0,0.599850882178019
0.0325,2,1,1,0.00841561404826052,0.849190584201949,11.99999999928,0,15.4741935476671,10,0,0,0.599835204199608
0.0355555555555556,2,1,1,0.010011754058155,0.914803085446977,11.9999999999214,0,15.4741935483085,10,0,0,0.59981952620597
0.0386111111111111,2,1,1,0.0117221116572068,0.977725573232476,11.9999999999914,0,15.4741935483785,10,0,0,0.599803848199542
0.0416666666666667,2,1,1,0.0135416617232522,1.03807588289413,11.9999999999991,0,15.4741935483862,10,0,0,0.599788170182016
0.0447222222222222,2,1,1,0.0154655997965847,1.09596668711634,11.9999999999999,0,15.474193548387,10,0,0,0.599772492154565
0.0477777777777778,2,1,1,0.017489332264347,1.15150572213639,12,0,15.4741935483871,10,0,0,0.599756814118007
0.0508333333333333,2,1,1,0.0196084670171217,1.20479600403388,12,0,15.4741935483871,10,0,0,0.599741136072909
0.0538888888888889,2,1,1,0.0218188045465126,1.25593603553989,12,0,15.4741935483871,10,0,0,0.599725458019668
0.0569444444444444,2,1,1,0.0241163294538183,1.30502000378249,12,0,15.4741935483871,10,0,0,0.59970977995856
0.06,2,1,1,0.0264972023484802,1.35213796936574,12,0,15.4741935483871,10,0,0,0.59969410188978
0.0630555555555556,2,1,1,0.0289577521105002,1.39737604716436,12,0,15.4741935483871,10,0,0,0.599678423813463
0.0661111111111111,2,1,1,0.0314944685008527,1.4408165791956,12,0,15.4741935483871,10,0,0,0.599662745729708
0.0691666666666667,2,1,1,0.0341039951004518,1.48253829991665,12,0,15.4741935483871,10,0,0,0.599647067638583
0.0722222222222222,2,1,1,0.0367831225628947,1.52261649428038,12,0,15.4741935483871,10,0,0,0.599631389540137
0.0752777777777778,2,1,1,0.0395287821642683,1.56112314886491,12,0,15.4741935483871,10,0,0,0.599615711434406
0.0783333333333333,2,1,1,0.0423380396391622,1.59812709638214,12,0,15.4741935483871,10,0,0,0.599600033321418
0.0813888888888889,2,1,1,0.0452080892856088,1.63369415385512,12,0,15.4741935483871,10,0,0,0.599584355201191
0.0844444444444444,2,1,1,0.0481362483316161,1.66788725474083,12,0,15.4741935483871,10,0,0,0.599568677073742
0.0875,2,1,1,0.0511199515476619,1.7007665752659,12,0,15.4741935483871,10,0,0,0.599552998939083
0.0905555555555556,2,1,1,0.0541567460954866,1.73238965522472,12,0,15.4741935483871,10,0,0,0.599537320797223
0.0936111111111111,2,1,1,0.057244286604373,1.76281151348769,12,0,15.4741935483871,10,0,0,0.59952164264817
0.0966666666666667,2,1,1,0.0603803304612711,1.79208475844695,12,0,15.4741935483871,10,0,0,0.599505964491932
0.0997222222222222,2,1,1,0.0635627333094249,1.82025969362462,12,0,15.4741935483871,10,0,0,0.599490286328514
0.102777777777778,2,1,1,0.066789444742426,1.84738441865284,12,0,15.4741935483871,10,0,0,0.599474608157922
0.105833333333333,2,1,1,0.0700585041887507,1.87350492583079,12,0,15.4741935483871,10,0,0,0.599458929980161
0.108888888888889,2,1,1,0.0733680369754097,1.89866519245123,12,0,15.4741935483871,10,0,0,0.599443251795233
0.111944444444444,2,1,1,0.076716250564175,1.92290726908067,12,0,15.4741935483871,10,0,0,0.599427573603145
0.115,2,1,1,0.0801014309537322,1.94627136397401,12,0,15.4741935483871,10,0,0,0.5994118954039
0.118055555555556,2,1,1,0.0835219392388922,1.96879592378883,12,0,15.4741935483871,10,0,0,0.5993962171975
0.121111111111111,2,1,1,0.0869762083191858,1.99051771076472,12,0,15.4741935483871,10,0,0,0.599380538983949
0.124166666666667,2,1,1,0.0904627397544004,2.0114718765206,12,0,15.4741935483871,10,0,0,0.599364860763251
0.127222222222222,2,1,1,0.0939801007557435,2.03169203261939,12,0,15.4741935483871,10,0,0,0.599349182535408
0.130277777777778,2,1,1,0.0975269213096794,2.05121031804021,12,0,15.4741935483871,10,0,0,0.599333504300424
0.133333333333333,2,1,1,0.101101891427561,2.07005746369515,12,0,15.4741935483871,10,0,0,0.5993178260583
0.136388888888889,2,1,1,0.104703758515825,2.08826285411993,12,0,15.4741935483871,10,0,0,0.599302147809039
0.139444444444444,2,1,1,0.108331324861354,2.10585458646023,12,0,15.4741935483871,10,0,0,0.599286469552644
0.1425,2,1,1,0.111983445227054,2.12285952687552,12,0,15.4741935483871,10,0,0,0.599270791289117
0.145555555555556,2,1,1,0.115659024553224,2.13930336447049,12,0,15.4741935483871,10,0,0,0.599255113018461
0.148611111111111,2,1,1,0.119357015758681,2.15521066286334,12,0,15.4741935483871,10,0,0,0.599239434740676
0.151666666666667,2,1,1,0.123076417638515,2.17060490949706,12,0,15.4741935483871,10,0,0,0.599223756455766
0.154722222222222,2,1,1,0.126816272854569,2.18550856278722,12,0,15.4741935483871,10,0,0,0.599208078163732
0.157777777777778,2,1,1,0.130575666014067,2.19994309720647,12,0,15.4741935483871,10,0,0,0.599192399864576
0.160833333333333,2,1,1,0.134353721831019,2.2139290463922,12,0,15.4741935483871,10,0,0,0.5991767215583
0.163888888888889,2,1,1,0.138149603368845,2.2274860443672,12,0,15.4741935483871,10,0,0,0.599161043244906
0.166944444444444,2,1,1,0.141962510361452,2.2406328649526,12,0,15.4741935483871,10,0,0,0.599145364924394
0.17,2,1,1,0.145791677605928,2.25338745945533,12,0,15.4741935483871,10,0,0,0.599129686596767
0.173055555555556,2,1,1,0.149636373425722,2.26576699270379,12,0,15.4741935483871,10,0,0,0.599114008262026
0.176111111111111,2,1,1,0.153495898203289,2.27778787750543,12,0,15.4741935483871,10,0,0,0.599098329920171
0.179166666666667,2,1,1,0.157369582974013,2.28946580759379,12,0,15.4741935483871,10,0,0,0.599082651571205
0.182222222222222,2,1,1,0.161256788084131,2.30081578913257,12,0,15.4741935483871,10,0,0,0.599066973215129
0.185277777777778,2,1,1,0.1651569019063,2.31185217083902,12,0,15.4741935483871,10,0,0,0.599051294851943
0.188333333333333,2,1,1,0.169069339612008,2.32258867278864,12,0,15.4741935483871,10,0,0,0.59903561648165
0.191388888888889,2,1,1,0.172993541996675,2.33303841395644,12,0,15.4741935483871,10,0,0,0.59901993810425
0.194444444444444,2,1,1,0.176928974358077,2.34321393855288,12,0,15.4741935483871,10,0,0,0.599004259719744
0.1975,2,1,1,0.180875125421949,2.35312724120473,12,0,15.4741935483871,10,0,0,0.598988581328134
0.200555555555556,2,1,1,0.18483150631647,2.36278979103395,12,0,15.4741935483871,10,0,0,0.598972902929419
0.203611111111111,2,1,1,0.188797649589446,2.37221255468069,12,0,15.4741935483871,10,0,0,0.598957224523601
0.206666666666667,2,1,1,0.192773108271354,2.3814060183181,12,0,15.4741935483871,10,0,0,0.598941546110681
0.209722222222222,2,1,1,0.196757454976876,2.39038020870254,12,0,15.4741935483871,10,0,0,0.598925867690659
0.212777777777778,2,1,1,0.200750281047419,2.39914471330138,12,0,15.4741935483871,10,0,0,0.598910189263537
0.215833333333333,2,1,1,0.20475119573058,2.40770869953894,12,0,15.4741935483871,10,0,0,0.598894510829313
0.218888888888889,2,1,1,0.208759825395532,2.41608093319962,12,0,15.4741935483871,10,0,0,0.59887883238799
0.221944444444444,2,1,1,0.212775812782922,2.42426979602442,12,0,15.4741935483871,10,0,0,0.598863153939569
0.225,2,1,1,0.216798816287223,2.43228330253675,12,0,15.4741935483871,10,0,0,0.598847475484049
0.228055555555556,2,1,1,0.220828509272224,2.44012911613061,12,0,15.4741935483871,10,0,0,0.598831797021432
0.231111111111111,2,1,1,0.224864579413463,2.44781456445435,12,0,15.4741935483871,10,0,0,0.598816118551717
0.234166666666667,2,1,1,0.228906728072502,2.45534665412015,12,0,15.4741935483871,10,0,0,0.598800440074907
0.237222222222222,2,1,1,0.232954669696483,2.46273208476987,12,0,15.4741935483871,10,0,0,0.598784761590999
0.240277777777778,2,1,1,0.237008131245659,2.46997726252329,12,0,15.4741935483871,10,0,0,0.598769083099997
0.243333333333333,2,1,1,0.241066851644064,2.47708831283779,12,0,15.4741935483871,10,0,0,0.598753404601899
0.246388888888889,2,1,1,0.24513058125649,2.48407109280572,12,0,15.4741935483871,10,0,0,0.598737726096707
0.249444444444444,2,1,1,0.249199081386735,2.4909312029107,12,0,15.4741935483871,10,0,0,0.59872204758442
0.2525,2,1,1,0.253272123797785,2.4976739982709,12,0,15.4741935483871,10,0,0,0.59870636906504
0.255555555555556,2,1,1,0.257349490254683,2.50430459938849,12,0,15.4741935483871,10,0,0,0.598690690538565
0.258611111111111,2,1,1,0.261430972085918,2.5108279024293,12,0,15.4741935483871,10,0,0,0.598675012004998
0.261666666666667,2,1,1,0.265516369763418,2.51724858905055,12,0,15.4741935483871,10,0,0,0.598659333464338
0.264722222222222,2,1,1,0.269605492504013,2.52357113580001,12,0,15.4741935483871,10,0,0,0.598643654916584
0.267777777777778,2,1,1,0.273698157884212,2.52979982310069,12,0,15.4741935483871,10,0,0,0.598627976361739
0.270833333333333,2,1,1,0.277794191475323,2.53593874384467,12,0,15.4741935483871,10,0,0,0.598612297799801
0.273888888888889,2,1,1,0.281893426492502,2.54199181160874,12,0,15.4741935483871,10,0,0,0.598596619230771
0.276944444444444,2,1,1,0.285995703460401,2.54796276851067,12,0,15.4741935483871,10,0,0,0.59858094065465
0.28,2,1,1,0.290100869892228,2.55385519272107,12,0,15.4741935483871,10,0,0,0.598565262071437
0.283055555555556,2,1,1,0.29420877998399,2.55967250564584,12,0,15.4741935483871,10,0,0,0.598549583481133
0.286111111111111,2,1,1,0.298319294321743,2.5654179787951,12,0,15.4741935483871,10,0,0,0.598533904883737
0.289166666666667,2,1,1,0.302432279601589,2.57109474034996,12,0,15.4741935483871,10,0,0,0.598518226279251
0.292222222222222,2,1,1,0.306547608362223,2.57670578144206,12,0,15.4741935483871,10,0,0,0.598502547667674
0.295277777777778,2,1,1,0.310665158728114,2.58225396215795,12,0,15.4741935483871,10,0,0,0.598486869049007
0.298333333333333,2,1,1,0.314784814165705,2.58774201728028,12,0,15.4741935483871,10,0,0,0.598471190423249
0.301388888888889,2,1,1,0.318906463248993,2.59317256177809,12,0,15.4741935483871,10,0,0,0.5984555117904
0.304444444444444,2,1,1,0.323029999435732,2.59854809605554,12,0,15.4741935483871,10,0,0,0.598439833150461
0.3075,2,1,1,0.327155320853365,2.60387101097149,12,0,15.4741935483871,10,0,0,0.598424154503432
0.310555555555556,2,1,1,0.331282330094893,2.6091435926387,12,0,15.4741935483871,10,0,0,0.598408475849313
0.313611111111111,2,1,1,0.335410934022661,2.61436802701348,12,0,15.4741935483871,10,0,0,0.598392797188104
0.316666666666667,2,1,1,0.339541043581733,2.61954640428274,12,0,15.4741935483871,10,0,0,0.598377118519805
0.319722222222222,2,1,1,0.343672573620665,2.62468072306086,12,0,15.4741935483871,10,0,0,0.598361439844416
0.322777777777778,2,1,1,0.347805442720755,2.62977289440096,12,0,15.4741935483871,10,0,0,0.598345761161938
0.325833333333333,2,1,1,0.35193957303278,2.6348247456317,12,0,15.4741935483871,10,0,0,0.59833008247237
0.328888888888889,2,1,1,0.356074890119544,2.63983802402424,12,0,15.4741935483871,10,0,0,0.598314403775712
0.331944444444444,2,1,1,0.360211322807629,2.64481440030136,12,0,15.4741935483871,10,0,0,0.598298725071964
0.335,2,1,1,0.364348803043754,2.6497554719902,12,0,15.4741935483871,10,0,0,0.598283046361127
0.338055555555556,2,1,1,0.36848726575829,2.65466276662914,12,0,15.4741935483871,10,0,0,0.5982673676432
0.341111111111111,2,1,1,0.372626648734297,2.65953774483427,12,0,15.4741935483871,10,0,0,0.598251688918184
0.344166666666667,2,1,1,0.376766892482749,2.66438180323138,12,0,15.4741935483871,10,0,0,0.598236010186079
0.347222222222222,2,1,1,0.380907940122881,2.66919627725946,12,0,15.4741935483871,10,0,0,0.598220331446884
0.350277777777778,2,1,1,0.385049737268048,2.67398244385146,12,0,15.4741935483871,10,0,0,0.598204652700599
0.353333333333333,2,1,1,0.389192231916695,2.67874152399787,12,0,15.4741935483871,10,0,0,0.598188973947225
0.356388888888889,2,1,1,0.393335374347146,2.68347468519676,12,0,15.4741935483871,10,0,0,0.598173295186761
0.359444444444444,2,1,1,0.397479117018293,2.68818304379818,12,0,15.4741935483871,10,0,0,0.598157616419208
0.3625,2,1,1,0.401623414473988,2.69286766724485,12,0,15.4741935483871,10,0,0,0.598141937644566
0.365555555555556,2,1,1,0.405768223251584,2.69752957621478,12,0,15.4741935483871,10,0,0,0.598126258862834
0.368611111111111,2,1,1,0.409913501794563,2.70216974667028,12,0,15.4741935483871,10,0,0,0.598110580074012
0.371666666666667,2,1,1,0.414059210369089,2.7067891118171,12,0,15.4741935483871,10,0,0,0.598094901278101
0.374722222222222,2,1,1,0.418205310984149,2.71138856397693,12,0,15.4741935483871,10,0,0,0.5980792224751
0.377777777777778,2,1,1,0.422351767315547,2.7159689563797,12,0,15.4741935483871,10,0,0,0.598063543665009
0.380833333333333,2,1,1,0.42649854463167,2.72053110487576,12,0,15.4741935483871,10,0,0,0.598047864847829
0.383888888888889,2,1,1,0.4306456097259,2.72507578957334,12,0,15.4741935483871,10,0,0,0.59803218602356
0.386944444444444,2,1,1,0.434792930847323,2.72960375640469,12,0,15.4741935483871,10,0,0,0.5980165071922
0.39,2,1,1,0.438940477638425,2.73411571862357,12,0,15.4741935483871,10,0,0,0.598000828353751
0.393055555555556,2,1,1,0.443088221073879,2.73861235823671,12,0,15.4741935483871,10,0,0,0.597985149508212
0.396111111111111,2,1,1,0.447236133402043,2.7430943273726,12,0,15.4741935483871,10,0,0,0.597969470655583
0.399166666666667,2,1,1,0.45138418808915,2.74756224959117,12,0,15.4741935483871,10,0,0,0.597953791795864
0.402222222222222,2,1,1,0.455532359765755,2.75201672113462,12,0,15.4741935483871,10,0,0,0.597938112929056
0.405277777777778,2,1,1,0.459680624175974,2.75645831212512,12,0,15.4741935483871,10,0,0,0.597922434055157
0.408333333333333,2,1,1,0.463828958128602,2.76088756770883,12,0,15.4741935483871,10,0,0,0.597906755174168
0.411388888888889,2,1,1,0.46797733945067,2.76530500914936,12,0,15.4741935483871,10,0,0,0.597891076286089
0.414444444444444,2,1,1,0.472125746942652,2.76971113487525,12,0,15.4741935483871,10,0,0,0.59787539739092
0.4175,2,1,1,0.476274160335436,2.77410642148016,12,0,15.4741935483871,10,0,0,0.597859718488661
0.420555555555556,2,1,1,0.480422560250531,2.77849132467907,12,0,15.4741935483871,10,0,0,0.597844039579311
0.423611111111111,2,1,1,0.484570928160053,2.78286628022306,12,0,15.4741935483871,10,0,0,0.597828360662871
0.426666666666667,2,1,1,0.488719246350001,2.78723170477457,12,0,15.4741935483871,10,0,0,0.59781268173934
0.429722222222222,2,1,1,0.492867497884333,2.79158799674275,12,0,15.4741935483871,10,0,0,0.597797002808719
0.432777777777778,2,1,1,0.497015666571372,2.79593553708435,12,0,15.4741935483871,10,0,0,0.597781323871008
0.435833333333333,2,1,1,0.501163736930494,2.80027469006762,12,0,15.4741935483871,10,0,0,0.597765644926205
0.438888888888889,2,1,1,0.505311694161378,2.80460580400307,12,0,15.4741935483871,10,0,0,0.597749965974312
0.441944444444444,2,1,1,0.509459524114448,2.80892921194311,12,0,15.4741935483871,10,0,0,0.597734287015328
0.445,2,1,1,0.513607213261707,2.81324523235105,12,0,15.4741935483871,10,0,0,0.597718608049254
0.448055555555556,2,1,1,0.517754748669972,2.81755416973942,12,0,15.4741935483871,10,0,0,0.597702929076088
0.451111111111111,2,1,1,0.521902117974776,2.82185631528154,12,0,15.4741935483871,10,0,0,0.597687250095831
0.454166666666667,2,1,1,0.526049309355301,2.82615194739583,12,0,15.4741935483871,10,0,0,0.597671571108483
0.457222222222222,2,1,1,0.530196311510394,2.83044133230487,12,0,15.4741935483871,10,0,0,0.597655892114044
0.460277777777778,2,1,1,0.534343113636453,2.83472472456936,12,0,15.4741935483871,10,0,0,0.597640213112514
0.463333333333333,2,1,1,0.538489705405027,2.83900236759922,12,0,15.4741935483871,10,0,0,0.597624534103892
0.466388888888889,2,1,1,0.542636076942131,2.84327449414235,12,0,15.4741935483871,10,0,0,0.597608855088179
0.469444444444444,2,1,1,0.54678221880863,2.84754132675135,12,0,15.4741935483871,10,0,0,0.597593176065374
0.4725,2,1,1,0.550928121980462,2.85180307823055,12,0,15.4741935483871,10,0,0,0.597577497035478
0.475555555555556,2,1,1,0.555073777831467,2.85605995206276,12,0,15.4741935483871,10,0,0,0.59756181799849
0.478611111111111,2,1,1,0.559219178115086,2.86031214281792,12,0,15.4741935483871,10,0,0,0.59754613895441
0.481666666666667,2,1,1,0.563364314948217,2.86455983654338,12,0,15.4741935483871,10,0,0,0.597530459903238
0.484722222222222,2,1,1,0.567509180795071,2.86880321113779,12,0,15.4741935483871,10,0,0,0.597514780844975
0.487777777777778,2,1,1,0.571653768452052,2.87304243670746,12,0,15.4741935483871,10,0,0,0.597499101779619
0.490833333333333,2,1,1,0.575798071033319,2.87727767590815,12,0,15.4741935483871,10,0,0,0.597483422707171
0.493888888888889,2,1,1,0.579942081956347,2.8815090842711,12,0,15.4741935483871,10,0,0,0.597467743627631
0.496944444444444,2,1,1,0.584085794929251,2.88573681051588,12,0,15.4741935483871,10,0,0,0.597452064540999
0.5,2,1,1,0.588229203937715,2.88996099684789,12,0,15.4741935483871,10,0,0,0.597436385447274
0.503055555555556,2,1,1,0.592372303233105,2.89418177924466,12,0,15.4741935483871,10,0,0,0.597420706346456
0.506111111111111,2,1,1,0.596515087320711,2.8983992877283,12,0,15.4741935483871,10,0,0,0.597405027238546
0.509166666666667,2,1,1,0.600657550948199,2.90261364662626,12,0,15.4741935483871,10,0,0,0.597389348123544
0.512222222222222,2,1,1,0.604799689095842,2.90682497482089,12,0,15.4741935483871,10,0,0,0.597373669001448
0.515277777777778,2,1,1,0.608941496965201,2.91103338598833,12,0,15.4741935483871,10,0,0,0.59735798987226
0.518333333333333,2,1,1,0.613082969970662,2.91523898882633,12,0,15.4741935483871,10,0,0,0.597342310735979
0.521388888888889,2,1,1,0.617224103729143,2.91944188727189,12,0,15.4741935483871,10,0,0,0.597326631592604
0.524444444444444,2,1,1,0.621364894051851,2.92364218071123,12,0,15.4741935483871,10,0,0,0.597310952442137
0.5275,2,1,1,0.625505336935475,2.92783996417768,12,0,15.4741935483871,10,0,0,0.597295273284576
0.530555555555556,2,1,1,0.629645428553943,2.93203532854324,12,0,15.4741935483871,10,0,0,0.597279594119921
0.533611111111111,2,1,1,0.633785165251084,2.93622836070051,12,0,15.4741935483871,10,0,0,0.597263914948174
0.536666666666667,2,1,1,0.637924543532677,2.94041914373724,12,0,15.4741935483871,10,0,0,0.597248235769332
0.539722222222222,2,1,1,0.642063560059569,2.94460775710303,12,0,15.4741935483871,10,0,0,0.597232556583397
0.542777777777778,2,1,1,0.646202211640968,2.94879427676835,12,0,15.4741935483871,10,0,0,0.597216877390369
0.545833333333333,2,1,1,0.650340495228193,2.95297877537746,12,0,15.4741935483871,10,0,0,0.597201198190246
0.548888888888889,2,1,1,0.654478407907732,2.95716132239414,12,0,15.4741935483871,10,0,0,0.59718551898303
0.551944444444444,2,1,1,0.658615946895907,2.96134198424073,12,0,15.4741935483871,10,0,0,0.59716983976872
0.555,2,1,1,0.66275310953273,2.96552082443117,12,0,15.4741935483871,10,0,0,0.597154160547315
0.558055555555556,2,1,1,0.66688989327713,2.96969790369923,12,0,15.4741935483871,10,0,0,0.597138481318817
0.561111111111111,2,1,1,0.671026295701211,2.97387328011934,12,0,15.4741935483871,10,0,0,0.597122802083224
0.564166666666667,2,1,1,0.675162314485362,2.97804700922427,12,0,15.4741935483871,10,0,0,0.597107122840536
0.567222222222222,2,1,1,0.679297947413659,2.98221914411494,12,0,15.4741935483871,10,0,0,0.597091443590754
0.570277777777778,2,1,1,0.683433192369421,2.98638973556859,12,0,15.4741935483871,10,0,0,0.597075764333877
0.573333333333333,2,1,1,0.687568047330501,2.9905588321393,12,0,15.4741935483871,10,0,0,0.597060085069906
0.576388888888889,2,1,1,0.691702510365531,2.99472648025608,12,0,15.4741935483871,10,0,0,0.59704440579884
0.579444444444444,2,1,1,0.695836579629713,2.99889272431614,12,0,15.4741935483871,10,0,0,0.597028726520679
0.5825,2,1,1,0.699970253360902,3.00305760677304,12,0,15.4741935483871,10,0,0,0.597013047235423
0.585555555555556,2,1,1,0.704103529876306,3.00722116822277,12,0,15.4741935483871,10,0,0,0.596997367943071
0.588611111111111,2,1,1,0.708236407568847,3.01138344748426,12,0,15.4741935483871,10,0,0,0.596981688643625
0.591666666666667,2,1,1,0.712368884903753,3.01554448167838,12,0,15.4741935483871,10,0,0,0.596966009337083
0.594722222222222,2,1,1,0.716500960415715,3.01970430630109,12,0,15.4741935483871,10,0,0,0.596950330023446
0.597777777777778,2,1,1,0.72063263270536,3.02386295529556,12,0,15.4741935483871,10,0,0,0.596934650702713
0.600833333333333,2,1,1,0.724763900436926,3.0280204611197,12,0,15.4741935483871,10,0,0,0.596918971374885
0.603888888888889,2,1,1,0.728894762334676,3.0321768548115,12,0,15.4741935483871,10,0,0,0.596903292039961
0.606944444444444,2,1,1,0.733025217181648,3.03633216605095,12,0,15.4741935483871,10,0,0,0.596887612697941
0.61,2,1,1,0.737155263815282,3.0404864232201,12,0,15.4741935483871,10,0,0,0.596871933348826
0.613055555555556,2,1,1,0.74128490112605,3.04463965345877,12,0,15.4741935483871,10,0,0,0.596856253992614
0.616111111111111,2,1,1,0.7454141280557,3.04879188272037,12,0,15.4741935483871,10,0,0,0.596840574629306
0.619166666666667,2,1,1,0.749542943593838,3.05294313582334,12,0,15.4741935483871,10,0,0,0.596824895258902
0.622222222222222,2,1,1,0.753671346776571,3.05709343650028,12,0,15.4741935483871,10,0,0,0.596809215881402
0.625277777777778,2,1,1,0.757799336683888,3.06124280744621,12,0,15.4741935483871,10,0,0,0.596793536496805
0.628333333333333,2,1,1,0.761926912438184,3.0653912703641,12,0,15.4741935483871,10,0,0,0.596777857105112
0.631388888888889,2,1,1,0.766054073202611,3.06953884600762,12,0,15.4741935483871,10,0,0,0.596762177706322
0.634444444444444,2,1,1,0.770180818178858,3.07368555422346,12,0,15.4741935483871,10,0,0,0.596746498300436
0.6375,2,1,1,0.774307146605395,3.07783141399085,12,0,15.4741935483871,10,0,0,0.596730818887452
0.640555555555556,2,1,1,0.778433057756104,3.08197644345955,12,0,15.4741935483871,10,0,0,0.596715139467372
0.643611111111111,2,1,1,0.782558550939029,3.08612065998591,12,0,15.4741935483871,10,0,0,0.596699460040195
0.646666666666667,2,1,1,0.786683625494106,3.0902640801682,12,0,15.4741935483871,10,0,0,0.596683780605921
0.649722222222222,2,1,1,0.790808280792078,3.09440671987915,12,0,15.4741935483871,10,0,0,0.596668101164549
0.652777777777778,2,1,1,0.794932516233757,3.09854859429817,12,0,15.4741935483871,10,0,0,0.59665242171608
0.655833333333333,2,1,1,0.799056331247925,3.10268971794153,12,0,15.4741935483871,10,0,0,0.596636742260514
0.658888888888889,2,1,1,0.803179725290363,3.10683010469188,12,0,15.4741935483871,10,0,0,0.596621062797851
0.661944444444444,2,1,1,0.807302697842829,3.11096976782528,12,0,15.4741935483871,10,0,0,0.596605383328089
0.665,2,1,1,0.811425248411581,3.11510872003822,12,0,15.4741935483871,10,0,0,0.59658970385123
0.668055555555556,2,1,1,0.815547376526808,3.11924697347308,12,0,15.4741935483871,10,0,0,0.596574024367273
0.671111111111111,2,1,1,0.81966908174104,3.12338453974223,12,0,15.4741935483871,10,0,0,0.596558344876218
0.674166666666667,2,1,1,0.82379036362812,3.12752142995117,12,0,15.4741935483871,10,0,0,0.596542665378066
0.677222222222222,2,1,1,0.827911221783097,3.13165765472081,12,0,15.4741935483871,10,0,0,0.596526985872815
0.680277777777778,2,1,1,0.832031655820913,3.13579322420907,12,0,15.4741935483871,10,0,0,0.596511306360466
0.683333333333333,2,1,1,0.836151665374587,3.13992814813071,12,0,15.4741935483871,10,0,0,0.596495626841018
0.686388888888889,2,1,1,0.840271250095668,3.14406243577628,12,0,15.4741935483871,10,0,0,0.596479947314472
0.689444444444444,2,1,1,0.84439040965276,3.14819609603217,12,0,15.4741935483871,10,0,0,0.596464267780828
0.6925,2,1,1,0.84850914373169,3.15232913739663,12,0,15.4741935483871,10,0,0,0.596448588240085
0.695555555555556,2,1,1,0.852627452033119,3.15646156799841,12,0,15.4741935483871,10,0,0,0.596432908692243
0.698611111111111,2,1,1,0.856745334273285,3.16059339561133,12,0,15.4741935483871,10,0,0,0.596417229137303
0.701666666666667,2,1,1,0.860862790182694,3.16472462767132,12,0,15.4741935483871,10,0,0,0.596401549575263
0.704722222222222,2,1,1,0.864979819505891,3.16885527129006,12,0,15.4741935483871,10,0,0,0.596385870006125
0.707777777777778,2,1,1,0.869096422000439,3.17298533326976,12,0,15.4741935483871,10,0,0,0.596370190429887
0.710833333333333,2,1,1,0.873212597436407,3.17711482011674,12,0,15.4741935483871,10,0,0,0.596354510846551
0.713888888888889,2,1,1,0.877328345596311,3.18124373805415,12,0,15.4741935483871,10,0,0,0.596338831256115
0.716944444444444,2,1,1,0.881443666273697,3.18537209303429,12,0,15.4741935483871,10,0,0,0.596323151658579
0.72,2,1,1,0.885558559273477,3.18949989075111,12,0,15.4741935483871,10,0,0,0.596307472053944
0.723055555555556,2,1,1,0.889673024410797,3.19362713665083,12,0,15.4741935483871,10,0,0,0.596291792442209
0.726111111111111,2,1,1,0.893787061511262,3.19775383594293,12,0,15.4741935483871,10,0,0,0.596276112823374
0.729166666666667,2,1,1,0.897900670409967,3.20187999361121,12,0,15.4741935483871,10,0,0,0.59626043319744
0.732222222222222,2,1,1,0.902013850951164,3.20600561442251,12,0,15.4741935483871,10,0,0,0.596244753564406
0.735277777777778,2,1,1,0.906126602988081,3.21013070293697,12,0,15.4741935483871,10,0,0,0.596229073924271
0.738333333333333,2,1,1,0.910238926381851,3.21425526351726,12,0,15.4741935483871,10,0,0,0.596213394277038
0.741388888888889,2,1,1,0.914350821002245,3.21837930033655,12,0,15.4741935483871,10,0,0,0.596197714622703
0.744444444444444,2,1,1,0.918462286726822,3.22250281738735,12,0,15.4741935483871,10,0,0,0.596182034961269
0.7475,2,1,1,0.922573323439963,3.22662581848897,12,0,15.4741935483871,10,0,0,0.596166355292734
0.750555555555556,2,1,1,0.926683931033608,3.23074830729581,12,0,15.4741935483871,10,0,0,0.596150675617099
0.753611111111111,2,1,1,0.930794109405781,3.23487028730386,12,0,15.4741935483871,10,0,0,0.596134995934363
0.756666666666667,2,1,1,0.934903858461666,3.23899176185773,12,0,15.4741935483871,10,0,0,0.596119316244527
0.759722222222222,2,1,1,0.939013178112305,3.24311273415833,12,0,15.4741935483871,10,0,0,0.596103636547589
0.762777777777778,2,1,1,0.943122068274647,3.24723320726736,12,0,15.4741935483871,10,0,0,0.596087956843551
0.765833333333333,2,1,1,0.947230528871216,3.25135318411475,12,0,15.4741935483871,10,0,0,0.596072277132412
0.768888888888889,2,1,1,0.951338559829765,3.25547266750431,12,0,15.4741935483871,10,0,0,0.596056597414172
0.771944444444444,2,1,1,0.955446161083501,3.25959166011876,12,0,15.4741935483871,10,0,0,0.59604091768883
0.775,2,1,1,0.959553332570465,3.26371016452538,12,0,15.4741935483871,10,0,0,0.596025237956387
0.778055555555556,2,1,1,0.96366007423336,3.26782818318082,12,0,15.4741935483871,10,0,0,0.596009558216843
0.781111111111111,2,1,1,0.967766386019377,3.2719457184362,12,0,15.4741935483871,10,0,0,0.595993878470197
0.784166666666667,2,1,1,0.971872267879917,3.27606277254142,12,0,15.4741935483871,10,0,0,0.595978198716449
0.787222222222222,2,1,1,0.975977719770697,3.28017934765023,12,0,15.4741935483871,10,0,0,0.5959625189556
0.790277777777778,2,1,1,0.980082741651131,3.28429544582377,12,0,15.4741935483871,10,0,0,0.595946839187649
0.793333333333333,2,1,1,0.984187333484613,3.28841106903474,12,0,15.4741935483871,10,0,0,0.595931159412596
0.796388888888889,2,1,1,0.988291495238343,3.29252621917152,12,0,15.4741935483871,10,0,0,0.595915479630441
0.799444444444444,2,1,1,0.992395226882252,3.2966408980418,12,0,15.4741935483871,10,0,0,0.595899799841184
0.8025,2,1,1,0.996498528390191,3.30075510737589,12,0,15.4741935483871,10,0,0,0.595884120044824
0.805555555555556,2,1,1,1.00060139973863,3.30486884883044,12,0,15.4741935483871,10,0,0,0.595868440241362
0.808611111111111,2,1,1,1.00470384090767,3.30898212399154,12,0,15.4741935483871,10,0,0,0.595852760430798
0.811666666666667,2,1,1,1.00880585187969,3.31309493437772,12,0,15.4741935483871,10,0,0,0.595837080613131
0.814722222222222,2,1,1,1.01290743264008,3.31720728144296,12,0,15.4741935483871,10,0,0,0.595821400788362
0.817777777777778,2,1,1,1.01700858317702,3.32131916657949,12,0,15.4741935483871,10,0,0,0.59580572095649
0.820833333333333,2,1,1,1.02110930348096,3.32543059112066,12,0,15.4741935483871,10,0,0,0.595790041117515
0.823888888888889,2,1,1,1.02520959354507,3.32954155634349,12,0,15.4741935483871,10,0,0,0.595774361271437
0.826944444444444,2,1,1,1.02930945336436,3.33365206347054,12,0,15.4741935483871,10,0,0,0.595758681418256
0.83,2,1,1,1.03340888293644,3.33776211367331,12,0,15.4741935483871,10,0,0,0.595743001557972
0.833055555555556,2,1,1,1.03750788226057,3.34187170807377,12,0,15.4741935483871,10,0,0,0.595727321690585
0.836111111111111,2,1,1,1.04160645133851,3.34598084774672,12,0,15.4741935483871,10,0,0,0.595711641816094
0.839166666666667,2,1,1,1.04570459017333,3.35008953372193,12,0,15.4741935483871,10,0,0,0.5956959619345
0.842222222222222,2,1,1,1.04980229877049,3.35419776698575,12,0,15.4741935483871,10,0,0,0.595680282045802
0.845277777777778,2,1,1,1.05389957713709,3.35830554848366,12,0,15.4741935483871,10,0,0,0.595664602150001
0.848333333333333,2,1,1,1.05799642528194,3.36241287912179,12,0,15.4741935483871,10,0,0,0.595648922247096
0.851388888888889,2,1,1,1.06209284321494,3.36651975976798,12,0,15.4741935483871,10,0,0,0.595633242337087
0.854444444444444,2,1,1,1.06618883094825,3.37062619125476,12,0,15.4741935483871,10,0,0,0.595617562419974
0.8575,2,1,1,1.07028438849517,3.37473217437974,12,0,15.4741935483871,10,0,0,0.595601882495757
0.860555555555556,2,1,1,1.07437951587025,3.37883770990743,12,0,15.4741935483871,10,0,0,0.595586202564436
0.863611111111111,2,1,1,1.07847421308952,3.38294279857138,12,0,15.4741935483871,10,0,0,0.595570522626011
0.866666666666667,2,1,1,1.08256848017032,3.3870474410744,12,0,15.4741935483871,10,0,0,0.595554842680482
0.869722222222222,2,1,1,1.08666231713124,3.39115163809117,12,0,15.4741935483871,10,0,0,0.595539162727847
0.872777777777778,2,1,1,1.090755723992,3.39525539026806,12,0,15.4741935483871,10,0,0,0.595523482768109
0.875833333333333,2,1,1,1.0948487007733,3.39935869822551,12,0,15.4741935483871,10,0,0,0.595507802801266
0.878888888888889,2,1,1,1.09894124749718,3.40346156255862,12,0,15.4741935483871,10,0,0,0.595492122827318
0.881944444444444,2,1,1,1.1030333641865,3.40756398383849,12,0,15.4741935483871,10,0,0,0.595476442846265
0.885,2,1,1,1.10712505086508,3.41166596261337,12,0,15.4741935483871,10,0,0,0.595460762858108
0.888055555555556,2,1,1,1.11121630755787,3.41576749940896,12,0,15.4741935483871,10,0,0,0.595445082862845
0.891111111111111,2,1,1,1.11530713429039,3.41986859473047,12,0,15.4741935483871,10,0,0,0.595429402860477
0.894166666666667,2,1,1,1.11939753108942,3.42396924906262,12,0,15.4741935483871,10,0,0,0.595413722851004
0.897222222222222,2,1,1,1.1234874979823,3.42806946287106,12,0,15.4741935483871,10,0,0,0.595398042834426
0.900277777777778,2,1,1,1.12757703499722,3.43216923660282,12,0,15.4741935483871,10,0,0,0.595382362810742
0.903333333333333,2,1,1,1.13166614216294,3.43626857068767,12,0,15.4741935483871,10,0,0,0.595366682779952
0.906388888888889,2,1,1,1.13575481950954,3.4403674655382,12,0,15.4741935483871,10,0,0,0.595351002742057
0.909444444444444,2,1,1,1.13984306706681,3.444465921551,12,0,15.4741935483871,10,0,0,0.595335322697057
0.9125,2,1,1,1.14393088486599,3.4485639391072,12,0,15.4741935483871,10,0,0,0.59531964264495
0.915555555555556,2,1,1,1.14801827293871,3.45266151857345,12,0,15.4741935483871,10,0,0,0.595303962585737
0.918611111111111,2,1,1,1.15210523131697,3.45675866030211,12,0,15.4741935483871,10,0,0,0.595288282519419
0.921666666666667,2,1,1,1.15619176003355,3.46085536463244,12,0,15.4741935483871,10,0,0,0.595272602445994
0.924722222222222,2,1,1,1.16027785912178,3.4649516318903,12,0,15.4741935483871,10,0,0,0.595256922365463
0.927777777777778,2,1,1,1.16436352861552,3.46904746238926,12,0,15.4741935483871,10,0,0,0.595241242277826
0.930833333333333,2,1,1,1.16844876854907,3.47314285643171,12,0,15.4741935483871,10,0,0,0.595225562183082
0.933888888888889,2,1,1,1.1725335789572,3.4772378143083,12,0,15.4741935483871,10,0,0,0.595209882081232
0.936944444444444,2,1,1,1.17661795987499,3.48133233629903,12,0,15.4741935483871,10,0,0,0.595194201972275
0.94,2,1,1,1.1807019113383,3.48542642267387,12,0,15.4741935483871,10,0,0,0.595178521856212
0.943055555555556,2,1,1,1.18478543338307,3.48952007369252,12,0,15.4741935483871,10,0,0,0.595162841733041
0.946111111111111,2,1,1,1.18886852604595,3.49361328960549,12,0,15.4741935483871,10,0,0,0.595147161602764
0.949166666666667,2,1,1,1.19295118936361,3.49770607065437,12,0,15.4741935483871,10,0,0,0.595131481465379
0.952222222222222,2,1,1,1.19703342337334,3.50179841707205,12,0,15.4741935483871,10,0,0,0.595115801320888
0.955277777777778,2,1,1,1.2011152281126,3.505890329083,12,0,15.4741935483871,10,0,0,0.595100121169289
0.958333333333333,2,1,1,1.2051966036197,3.50998180690436,12,0,15.4741935483871,10,0,0,0.595084441010583
0.961388888888889,2,1,1,1.20927754993249,3.51407285074532,12,0,15.4741935483871,10,0,0,0.595068760844769
0.964444444444444,2,1,1,1.21335806708947,3.51816346080807,12,0,15.4741935483871,10,0,0,0.595053080671848
0.9675,2,1,1,1.21743815512968,3.5222536372878,12,0,15.4741935483871,10,0,0,0.59503740049182
0.970555555555556,2,1,1,1.22151781409201,3.52634338037308,12,0,15.4741935483871,10,0,0,0.595021720304683
0.973611111111111,2,1,1,1.22559704401573,3.53043269024636,12,0,15.4741935483871,10,0,0,0.595006040110439
0.976666666666667,2,1,1,1.22967584494057,3.53452156708391,12,0,15.4741935483871,10,0,0,0.594990359909087
0.979722222222222,2,1,1,1.23375421690622,3.53861001105668,12,0,15.4741935483871,10,0,0,0.594974679700627
0.982777777777778,2,1,1,1.23783215995286,3.54269802232943,12,0,15.4741935483871,10,0,0,0.594958999485059
0.985833333333333,2,1,1,1.24190967412073,3.54678560106225,12,0,15.4741935483871,10,0,0,0.594943319262383
0.988888888888889,2,1,1,1.24598675945037,3.55087274740976,12,0,15.4741935483871,10,0,0,0.594927639032598
0.991944444444444,2,1,1,1.25006341598259,3.55495946152212,12,0,15.4741935483871,10,0,0,0.594911958795704
0.995,2,1,1,1.25413964375804,3.55904574354474,12,0,15.4741935483871,10,0,0,0.594896278551703
0.998055555555556,2,1,1,1.25821544281769,3.56313159361872,12,0,15.4741935483871,10,0,0,0.594880598300593
1.00111111111111,2,1,1,1.26229081320298,3.56721701188104,12,0,15.4741935483871,10,0,0,0.594864918042374
1.00416666666667,2,1,1,1.26636575495542,3.57130199846455,12,0,15.4741935483871,10,0,0,0.594849237777046
1.00722222222222,2,1,1,1.27044026811632,3.57538655349794,12,0,15.4741935483871,10,0,0,0.594833557504609
1.01027777777778,2,1,1,1.27451435272746,3.57947067710671,12,0,15.4741935483871,10,0,0,0.594817877225064
1.01333333333333,2,1,1,1.27858800883087,3.58355436941252,12,0,15.4741935483871,10,0,0,0.594802196938409
1.01638888888889,2,1,1,1.28266123646824,3.58763763053395,12,0,15.4741935483871,10,0,0,0.594786516644645
1.01944444444444,2,1,1,1.28673403568195,3.59172046058626,12,0,15.4741935483871,10,0,0,0.594770836343772
1.0225,2,1,1,1.29080640651415,3.59580285968156,12,0,15.4741935483871,10,0,0,0.59475515603579
1.02555555555556,2,1,1,1.29487834900709,3.59988482792897,12,0,15.4741935483871,10,0,0,0.594739475720697
1.02861111111111,2,1,1,1.29894986320352,3.60396636543504,12,0,15.4741935483871,10,0,0,0.594723795398496
1.03166666666667,2,1,1,1.30302094914589,3.60804747230355,12,0,15.4741935483871,10,0,0,0.594708115069184
1.03472222222222,2,1,1,1.30709160687701,3.61212814863535,12,0,15.4741935483871,10,0,0,0.594692434732763
1.03777777777778,2,1,1,1.31116183643962,3.61620839452945,12,0,15.4741935483871,10,0,0,0.594676754389232
1.04083333333333,2,1,1,1.31523163787648,3.62028821008204,12,0,15.4741935483871,10,0,0,0.594661074038591
1.04388888888889,2,1,1,1.31930101123089,3.62436759538741,12,0,15.4741935483871,10,0,0,0.59464539368084
1.04694444444444,2,1,1,1.32336995654566,3.62844655053732,12,0,15.4741935483871,10,0,0,0.594629713315979
1.05,2,1,1,1.32743847386411,3.63252507562169,12,0,15.4741935483871,10,0,0,0.594614032944008
1.05305555555556,2,1,1,1.33150656322914,3.63660317072862,12,0,15.4741935483871,10,0,0,0.594598352564926
1.05611111111111,2,1,1,1.33557422468454,3.64068083594412,12,0,15.4741935483871,10,0,0,0.594582672178734
1.05916666666667,2,1,1,1.33964145827321,3.64475807135233,12,0,15.4741935483871,10,0,0,0.594566991785431
1.06222222222222,2,1,1,1.34370826403887,3.64883487703577,12,0,15.4741935483871,10,0,0,0.594551311385017
1.06527777777778,2,1,1,1.34777464202483,3.65291125307544,12,0,15.4741935483871,10,0,0,0.594535630977493
1.06833333333333,2,1,1,1.35184059227487,3.65698719955049,12,0,15.4741935483871,10,0,0,0.594519950562858
1.07138888888889,2,1,1,1.35590611483269,3.66106271653899,12,0,15.4741935483871,10,0,0,0.594504270141112
1.07444444444444,2,1,1,1.35997120974184,3.66513780411725,12,0,15.4741935483871,10,0,0,0.594488589712254
1.0775,2,1,1,1.36403587704626,3.66921246236029,12,0,15.4741935483871,10,0,0,0.594472909276286
1.08055555555556,2,1,1,1.36810011678966,3.67328669134156,12,0,15.4741935483871,10,0,0,0.594457228833207
1.08361111111111,2,1,1,1.37216392901558,3.6773604911341,12,0,15.4741935483871,10,0,0,0.594441548383016
1.08666666666667,2,1,1,1.37622731376831,3.68143386180884,12,0,15.4741935483871,10,0,0,0.594425867925713
1.08972222222222,2,1,1,1.38029027109172,3.68550680343577,12,0,15.4741935483871,10,0,0,0.5944101874613
1.09277777777778,2,1,1,1.38435280102959,3.68957931608401,12,0,15.4741935483871,10,0,0,0.594394506989774
1.09583333333333,2,1,1,1.38841490362609,3.69365139982148,12,0,15.4741935483871,10,0,0,0.594378826511137
1.09888888888889,2,1,1,1.3924765789252,3.69772305471503,12,0,15.4741935483871,10,0,0,0.594363146025388
1.10194444444444,2,1,1,1.3965378269711,3.70179428083082,12,0,15.4741935483871,10,0,0,0.594347465532527
1.105,2,1,1,1.40059864780784,3.70586507823367,12,0,15.4741935483871,10,0,0,0.594331785032554
1.10805555555556,2,1,1,1.40465904147965,3.7099354469878,12,0,15.4741935483871,10,0,0,0.594316104525468
1.11111111111111,2,1,1,1.40871900803074,3.71400538715693,12,0,15.4741935483871,10,0,0,0.594300424011271
1.11416666666667,2,1,1,1.4127785475053,3.71807489880308,12,0,15.4741935483871,10,0,0,0.594284743489962
1.11722222222222,2,1,1,1.41683765994742,3.72214398198815,12,0,15.4741935483871,10,0,0,0.594269062961539
1.12027777777778,2,1,1,1.4208963454015,3.72621263677331,12,0,15.4741935483871,10,0,0,0.594253382426005
1.12333333333333,2,1,1,1.42495460391183,3.73028086321892,12,0,15.4741935483871,10,0,0,0.594237701883358
1.12638888888889,2,1,1,1.42901243552296,3.73434866138444,12,0,15.4741935483871,10,0,0,0.594222021333598
1.12944444444444,2,1,1,1.4330698402789,3.73841603132911,12,0,15.4741935483871,10,0,0,0.594206340776725
1.1325,2,1,1,1.4371268182241,3.74248297311112,12,0,15.4741935483871,10,0,0,0.594190660212739
1.13555555555556,2,1,1,1.44118336940306,3.7465494867883,12,0,15.4741935483871,10,0,0,0.59417497964164
1.13861111111111,2,1,1,1.44523949386007,3.75061557241793,12,0,15.4741935483871,10,0,0,0.594159299063429
1.14166666666667,2,1,1,1.44929519163964,3.75468123005675,12,0,15.4741935483871,10,0,0,0.594143618478104
1.14472222222222,2,1,1,1.4533504627862,3.75874645976091,12,0,15.4741935483871,10,0,0,0.594127937885665
1.14777777777778,2,1,1,1.45740530734417,3.76281126158608,12,0,15.4741935483871,10,0,0,0.594112257286113
1.15083333333333,2,1,1,1.46145972535805,3.76687563558727,12,0,15.4741935483871,10,0,0,0.594096576679449
1.15388888888889,2,1,1,1.46551371687241,3.77093958181945,12,0,15.4741935483871,10,0,0,0.59408089606567
1.15694444444444,2,1,1,1.46956728193129,3.7750031003369,12,0,15.4741935483871,10,0,0,0.594065215444778
1.16,2,1,1,1.47362042057972,3.77906619119364,12,0,15.4741935483871,10,0,0,0.594049534816772
1.16305555555556,2,1,1,1.47767313286215,3.78312885444313,12,0,15.4741935483871,10,0,0,0.594033854181652
1.16611111111111,2,1,1,1.48172541882286,3.78719109013844,12,0,15.4741935483871,10,0,0,0.594018173539419
1.16916666666667,2,1,1,1.4857772785067,3.79125289833252,12,0,15.4741935483871,10,0,0,0.594002492890071
1.17222222222222,2,1,1,1.48982871195807,3.79531427907779,12,0,15.4741935483871,10,0,0,0.59398681223361
1.17527777777778,2,1,1,1.49387971922141,3.79937523242637,12,0,15.4741935483871,10,0,0,0.593971131570034
1.17833333333333,2,1,1,1.49793030034158,3.80343575842971,12,0,15.4741935483871,10,0,0,0.593955450899344
1.18138888888889,2,1,1,1.50198045536285,3.8074958571396,12,0,15.4741935483871,10,0,0,0.593939770221539
1.18444444444444,2,1,1,1.50603018433009,3.81155552860713,12,0,15.4741935483871,10,0,0,0.59392408953662
1.1875,2,1,1,1.51007948728784,3.81561477288335,12,0,15.4741935483871,10,0,0,0.593908408844587
1.19055555555556,2,1,1,1.51412836428051,3.81967359001885,12,0,15.4741935483871,10,0,0,0.593892728145438
1.19361111111111,2,1,1,1.51817681535306,3.82373198006405,12,0,15.4741935483871,10,0,0,0.593877047439175
1.19666666666667,2,1,1,1.52222484054971,3.82778994306904,12,0,15.4741935483871,10,0,0,0.593861366725796
1.19972222222222,2,1,1,1.52627243991526,3.83184747908371,12,0,15.4741935483871,10,0,0,0.593845686005303
1.20277777777778,2,1,1,1.53031961349427,3.83590458815775,12,0,15.4741935483871,10,0,0,0.593830005277695
1.20583333333333,2,1,1,1.53436636133154,3.83996127034072,12,0,15.4741935483871,10,0,0,0.593814324542971
1.20888888888889,2,1,1,1.53841268347151,3.84401752568186,12,0,15.4741935483871,10,0,0,0.593798643801132
1.21194444444444,2,1,1,1.54245857995903,3.84807335423028,12,0,15.4741935483871,10,0,0,0.593782963052178
1.215,2,1,1,1.54650405083839,3.8521287560348,12,0,15.4741935483871,10,0,0,0.593767282296108
1.21805555555556,2,1,1,1.55054909615467,3.85618373114431,12,0,15.4741935483871,10,0,0,0.593751601532922
1.22111111111111,2,1,1,1.55459371595219,3.8602382796073,12,0,15.4741935483871,10,0,0,0.593735920762621
1.22416666666667,2,1,1,1.55863791027571,3.86429240147214,12,0,15.4741935483871,10,0,0,0.593720239985204
1.22722222222222,2,1,1,1.56268167916971,3.86834609678704,12,0,15.4741935483871,10,0,0,0.593704559200671
1.23027777777778,2,1,1,1.56672502267907,3.87239936559996,12,0,15.4741935483871,10,0,0,0.593688878409022
1.23333333333333,2,1,1,1.57076794084827,3.87645220795889,12,0,15.4741935483871,10,0,0,0.593673197610257
1.23638888888889,2,1,1,1.57481043372212,3.88050462391186,12,0,15.4741935483871,10,0,0,0.593657516804376
1.23944444444444,2,1,1,1.57885250134512,3.88455661350622,12,0,15.4741935483871,10,0,0,0.593641835991378
1.2425,2,1,1,1.58289414376213,3.88860817678949,12,0,15.4741935483871,10,0,0,0.593626155171264
1.24555555555556,2,1,1,1.58693536101765,3.8926593138093,12,0,15.4741935483871,10,0,0,0.593610474344034
1.24861111111111,2,1,1,1.5909761531563,3.89671002461279,12,0,15.4741935483871,10,0,0,0.593594793509687
1.25166666666667,2,1,1,1.59501652022288,3.90076030924729,12,0,15.4741935483871,10,0,0,0.593579112668223
1.25472222222222,2,1,1,1.5990564622619,3.90481016775993,12,0,15.4741935483871,10,0,0,0.593563431819643
1.25777777777778,2,1,1,1.60309597931814,3.90885960019745,12,0,15.4741935483871,10,0,0,0.593547750963946
1.26083333333333,2,1,1,1.60713507143618,3.91290860660689,12,0,15.4741935483871,10,0,0,0.593532070101131
1.26388888888889,2,1,1,1.61117373866051,3.91695718703488,12,0,15.4741935483871,10,0,0,0.5935163892312
1.26694444444444,2,1,1,1.61521198103605,3.92100534152826,12,0,15.4741935483871,10,0,0,0.593500708354152
1.27,2,1,1,1.61924979860714,3.92505307013357,12,0,15.4741935483871,10,0,0,0.593485027469986
1.27305555555556,2,1,1,1.62328719141874,3.92910037289749,12,0,15.4741935483871,10,0,0,0.593469346578703
1.27611111111111,2,1,1,1.62732415951535,3.93314724986635,12,0,15.4741935483871,10,0,0,0.593453665680302
1.27916666666667,2,1,1,1.63136070294149,3.93719370108664,12,0,15.4741935483871,10,0,0,0.593437984774784
1.28222222222222,2,1,1,1.63539682174212,3.94123972660446,12,0,15.4741935483871,10,0,0,0.593422303862148
1.28527777777778,2,1,1,1.63943251596163,3.94528532646621,12,0,15.4741935483871,10,0,0,0.593406622942395
1.28833333333333,2,1,1,1.6434677856447,3.94933050071791,12,0,15.4741935483871,10,0,0,0.593390942015524
1.29138888888889,2,1,1,1.64750263083596,3.95337524940567,12,0,15.4741935483871,10,0,0,0.593375261081535
1.29444444444444,2,1,1,1.65153705158002,3.95741957257553,12,0,15.4741935483871,10,0,0,0.593359580140428
1.2975,2,1,1,1.65557104792151,3.96146347027349,12,0,15.4741935483871,10,0,0,0.593343899192202
1.30055555555556,2,1,1,1.65960461990505,3.96550694254563,12,0,15.4741935483871,10,0,0,0.593328218236859
1.30361111111111,2,1,1,1.66363776757532,3.96954998943767,12,0,15.4741935483871,10,0,0,0.593312537274397
1.30666666666667,2,1,1,1.667670490977,3.97359261099535,12,0,15.4741935483871,10,0,0,0.593296856304817
1.30972222222222,2,1,1,1.67170279015454,3.97763480726445,12,0,15.4741935483871,10,0,0,0.593281175328118
1.31277777777778,2,1,1,1.67573466515273,3.98167657829089,12,0,15.4741935483871,10,0,0,0.593265494344301
1.31583333333333,2,1,1,1.67976611601614,3.98571792412014,12,0,15.4741935483871,10,0,0,0.593249813353365
1.31888888888889,2,1,1,1.68379714278939,3.98975884479796,12,0,15.4741935483871,10,0,0,0.59323413235531
1.32194444444444,2,1,1,1.6878277455171,3.99379934036983,12,0,15.4741935483871,10,0,0,0.593218451350137
1.325,2,1,1,1.69185792424366,3.99783941088117,12,0,15.4741935483871,10,0,0,0.593202770337844
1.32805555555556,2,1,1,1.69588767901388,4.00187905637779,12,0,15.4741935483871,10,0,0,0.593187089318433
1.33111111111111,2,1,1,1.69991700987248,4.00591827690482,12,0,15.4741935483871,10,0,0,0.593171408291902
1.33416666666667,2,1,1,1.70394591686374,4.00995707250797,12,0,15.4741935483871,10,0,0,0.593155727258252
1.33722222222222,2,1,1,1.7079744000323,4.01399544323237,12,0,15.4741935483871,10,0,0,0.593140046217482
1.34027777777778,2,1,1,1.71200245942305,4.01803338912362,12,0,15.4741935483871,10,0,0,0.593124365169593
1.34333333333333,2,1,1,1.71603009508038,4.02207091022694,12,0,15.4741935483871,10,0,0,0.593108684114585
1.34638888888889,2,1,1,1.72005730704871,4.02610800658778,12,0,15.4741935483871,10,0,0,0.593093003052457
1.34944444444444,2,1,1,1.72408409537275,4.03014467825113,12,0,15.4741935483871,10,0,0,0.593077321983209
1.3525,2,1,1,1.72811046009701,4.03418092526243,12,0,15.4741935483871,10,0,0,0.593061640906841
1.35555555555556,2,1,1,1.73213640126625,4.03821674766664,12,0,15.4741935483871,10,0,0,0.593045959823353
1.35861111111111,2,1,1,1.73616191892484,4.04225214550934,12,0,15.4741935483871,10,0,0,0.593030278732746
1.36166666666667,2,1,1,1.74018701311746,4.04628711883549,12,0,15.4741935483871,10,0,0,0.593014597635018
1.36472222222222,2,1,1,1.74421168388858,4.05032166769001,12,0,15.4741935483871,10,0,0,0.59299891653017
1.36777777777778,2,1,1,1.74823593128275,4.05435579211826,12,0,15.4741935483871,10,0,0,0.592983235418202
1.37083333333333,2,1,1,1.75225975534471,4.0583894921653,12,0,15.4741935483871,10,0,0,0.592967554299113
1.37388888888889,2,1,1,1.75628315611885,4.06242276787594,12,0,15.4741935483871,10,0,0,0.592951873172904
1.37694444444444,2,1,1,1.76030613364975,4.06645561929548,12,0,15.4741935483871,10,0,0,0.592936192039574
1.38,2,1,1,1.76432868798184,4.07048804646888,12,0,15.4741935483871,10,0,0,0.592920510899124
1.38305555555556,2,1,1,1.76835081915988,4.07452004944128,12,0,15.4741935483871,10,0,0,0.592904829751553
1.38611111111111,2,1,1,1.77237252722813,4.0785516282574,12,0,15.4741935483871,10,0,0,0.592889148596861
1.38916666666667,2,1,1,1.77639381223122,4.08258278296239,12,0,15.4741935483871,10,0,0,0.592873467435048
1.39222222222222,2,1,1,1.78041467421372,4.08661351360098,12,0,15.4741935483871,10,0,0,0.592857786266113
1.39527777777778,2,1,1,1.78443511322007,4.09064382021819,12,0,15.4741935483871,10,0,0,0.592842105090058
1.39833333333333,2,1,1,1.78845512929485,4.09467370285893,12,0,15.4741935483871,10,0,0,0.592826423906881
1.40138888888889,2,1,1,1.79247472248272,4.09870316156815,12,0,15.4741935483871,10,0,0,0.592810742716583
1.40444444444444,2,1,1,1.79649389282787,4.1027321963906,12,0,15.4741935483871,10,0,0,0.592795061519164
1.4075,2,1,1,1.8005126403749,4.10676080737124,12,0,15.4741935483871,10,0,0,0.592779380314623
1.41055555555556,2,1,1,1.8045309651684,4.11078899455498,12,0,15.4741935483871,10,0,0,0.59276369910296
1.41361111111111,2,1,1,1.80854886725297,4.1148167579866,12,0,15.4741935483871,10,0,0,0.592748017884176
1.41666666666667,2,1,1,1.81256634667278,4.11884409771068,12,0,15.4741935483871,10,0,0,0.59273233665827
1.41972222222222,2,1,1,1.81658340347263,4.12287101377228,12,0,15.4741935483871,10,0,0,0.592716655425242
1.42277777777778,2,1,1,1.82060003769669,4.12689750621627,12,0,15.4741935483871,10,0,0,0.592700974185092
1.42583333333333,2,1,1,1.82461624938969,4.13092357508725,12,0,15.4741935483871,10,0,0,0.59268529293782
1.42888888888889,2,1,1,1.82863203859603,4.1349492204298,12,0,15.4741935483871,10,0,0,0.592669611683425
1.43194444444444,2,1,1,1.83264740536009,4.13897444228877,12,0,15.4741935483871,10,0,0,0.592653930421908
1.435,2,1,1,1.83666234972628,4.14299924070906,12,0,15.4741935483871,10,0,0,0.592638249153269
1.43805555555556,2,1,1,1.84067687173911,4.14702361573529,12,0,15.4741935483871,10,0,0,0.592622567877508
1.44111111111111,2,1,1,1.84469097144336,4.15104756741226,12,0,15.4741935483871,10,0,0,0.592606886594624
1.44416666666667,2,1,1,1.84870464888309,4.15507109578465,12,0,15.4741935483871,10,0,0,0.592591205304617
1.44722222222222,2,1,1,1.85271790410292,4.15909420089707,12,0,15.4741935483871,10,0,0,0.592575524007487
1.45027777777778,2,1,1,1.85673073714713,4.16311688279427,12,0,15.4741935483871,10,0,0,0.592559842703235
1.45333333333333,2,1,1,1.86074314806029,4.16713914152086,12,0,15.4741935483871,10,0,0,0.59254416139186
1.45638888888889,2,1,1,1.86475513688691,4.1711609771217,12,0,15.4741935483871,10,0,0,0.592528480073361
1.45944444444444,2,1,1,1.86876670367104,4.17518238964129,12,0,15.4741935483871,10,0,0,0.59251279874774
1.4625,2,1,1,1.87277784845747,4.17920337912426,12,0,15.4741935483871,10,0,0,0.592497117414995
1.46555555555556,2,1,1,1.87678857129049,4.1832239456154,12,0,15.4741935483871,10,0,0,0.592481436075127
1.46861111111111,2,1,1,1.88079887221448,4.18724408915881,12,0,15.4741935483871,10,0,0,0.592465754728135
1.47166666666667,2,1,1,1.88480875127408,4.19126380979958,12,0,15.4741935483871,10,0,0,0.59245007337402
1.47472222222222,2,1,1,1.8888182085135,4.19528310758227,12,0,15.4741935483871,10,0,0,0.592434392012781
1.47777777777778,2,1,1,1.89282724397714,4.19930198255128,12,0,15.4741935483871,10,0,0,0.592418710644419
1.48083333333333,2,1,1,1.89683585770939,4.2033204347515,12,0,15.4741935483871,10,0,0,0.592403029268933
1.48388888888889,2,1,1,1.9008440497546,4.2073384642274,12,0,15.4741935483871,10,0,0,0.592387347886323
1.48694444444444,2,1,1,1.90485182015726,4.21135607102332,12,0,15.4741935483871,10,0,0,0.592371666496589
1.49,2,1,1,1.90885916896161,4.21537325518403,12,0,15.4741935483871,10,0,0,0.592355985099731
1.49305555555556,2,1,1,1.91286609621221,4.21939001675401,12,0,15.4741935483871,10,0,0,0.592340303695748
1.49611111111111,2,1,1,1.91687260195329,4.2234063557778,12,0,15.4741935483871,10,0,0,0.592324622284642
1.49916666666667,2,1,1,1.92087868622934,4.2274222723002,12,0,15.4741935483871,10,0,0,0.592308940866411
1.50222222222222,2,1,1,1.92488434908466,4.2314377663655,12,0,15.4741935483871,10,0,0,0.592293259441055
1.50527777777778,2,1,1,1.92888959056347,4.23545283801826,12,0,15.4741935483871,10,0,0,0.592277578008575
1.50833333333333,2,1,1,1.93289441071045,4.23946748730287,12,0,15.4741935483871,10,0,0,0.592261896568971
1.51138888888889,2,1,1,1.9368988095697,4.24348171426402,12,0,15.4741935483871,10,0,0,0.592246215122241
1.51444444444444,2,1,1,1.94090278718562,4.24749551894627,12,0,15.4741935483871,10,0,0,0.592230533668387
1.5175,2,1,1,1.94490634360261,4.251508901394,12,0,15.4741935483871,10,0,0,0.592214852207408
1.52055555555556,2,1,1,1.94890947886472,4.25552186165152,12,0,15.4741935483871,10,0,0,0.592199170739304
1.52361111111111,2,1,1,1.95291219301657,4.25953439976354,12,0,15.4741935483871,10,0,0,0.592183489264075
1.52666666666667,2,1,1,1.95691448610233,4.26354651577458,12,0,15.4741935483871,10,0,0,0.59216780778172
1.52972222222222,2,1,1,1.9609163581664,4.2675582097292,12,0,15.4741935483871,10,0,0,0.59215212629224
1.53277777777778,2,1,1,1.96491780925322,4.27156948167158,12,0,15.4741935483871,10,0,0,0.592136444795635
1.53583333333333,2,1,1,1.96891883940719,4.27558033164632,12,0,15.4741935483871,10,0,0,0.592120763291904
1.53888888888889,2,1,1,1.97291944867231,4.27959075969773,12,0,15.4741935483871,10,0,0,0.592105081781048
1.54194444444444,2,1,1,1.97691963709298,4.28360076587035,12,0,15.4741935483871,10,0,0,0.592089400263066
1.545,2,1,1,1.98091940471335,4.28761035020869,12,0,15.4741935483871,10,0,0,0.592073718737958
1.54805555555556,2,1,1,1.98491875157794,4.29161951275728,12,0,15.4741935483871,10,0,0,0.592058037205725
1.55111111111111,2,1,1,1.98891767773102,4.29562825356049,12,0,15.4741935483871,10,0,0,0.592042355666365
1.55416666666667,2,1,1,1.99291618321678,4.29963657266251,12,0,15.4741935483871,10,0,0,0.59202667411988
1.55722222222222,2,1,1,1.99691426807948,4.30364447010794,12,0,15.4741935483871,10,0,0,0.592010992566268
1.56027777777778,2,1,1,2.00091193236346,4.30765194594107,12,0,15.4741935483871,10,0,0,0.59199531100553
1.56333333333333,2,1,1,2.00490917611302,4.31165900020642,12,0,15.4741935483871,10,0,0,0.591979629437666
1.56638888888889,2,1,1,2.00890599937259,4.31566563294831,12,0,15.4741935483871,10,0,0,0.591963947862675
1.56944444444444,2,1,1,2.01290240218606,4.31967184421126,12,0,15.4741935483871,10,0,0,0.591948266280558
1.5725,2,1,1,2.01689838459788,4.32367763403971,12,0,15.4741935483871,10,0,0,0.591932584691314
1.57555555555556,2,1,1,2.02089394665228,4.3276830024779,12,0,15.4741935483871,10,0,0,0.591916903094944
1.57861111111111,2,1,1,2.02488908839359,4.33168794957027,12,0,15.4741935483871,10,0,0,0.591901221491446
1.58166666666667,2,1,1,2.02888380986593,4.33569247536093,12,0,15.4741935483871,10,0,0,0.591885539880822
1.58472222222222,2,1,1,2.03287811111375,4.33969657989451,12,0,15.4741935483871,10,0,0,0.591869858263071
1.58777777777778,2,1,1,2.03687199218086,4.34370026321534,12,0,15.4741935483871,10,0,0,0.591854176638193
1.59083333333333,2,1,1,2.04086545311179,4.34770352536788,12,0,15.4741935483871,10,0,0,0.591838495006188
1.59388888888889,2,1,1,2.04485849395076,4.35170636639623,12,0,15.4741935483871,10,0,0,0.591822813367056
1.59694444444444,2,1,1,2.04885111474209,4.35570878634508,12,0,15.4741935483871,10,0,0,0.591807131720796
1.6,2,1,1,2.05284331552963,4.35971078525853,12,0,15.4741935483871,10,0,0,0.591791450067409
1.60305555555556,2,1,1,2.0568350963581,4.36371236318075,12,0,15.4741935483871,10,0,0,0.591775768406895
1.60611111111111,2,1,1,2.06082645727116,4.36771352015626,12,0,15.4741935483871,10,0,0,0.591760086739253
1.60916666666667,2,1,1,2.06481739831332,4.37171425622938,12,0,15.4741935483871,10,0,0,0.591744405064483
1.61222222222222,2,1,1,2.06880791952869,4.37571457144452,12,0,15.4741935483871,10,0,0,0.591728723382586
1.61527777777778,2,1,1,2.0727980209615,4.37971446584584,12,0,15.4741935483871,10,0,0,0.591713041693561
1.61833333333333,2,1,1,2.07678770265602,4.38371393947767,12,0,15.4741935483871,10,0,0,0.591697359997408
1.62138888888889,2,1,1,2.08077696465631,4.38771299238448,12,0,15.4741935483871,10,0,0,0.591681678294126
1.62444444444444,2,1,1,2.0847658070067,4.39171162461031,12,0,15.4741935483871,10,0,0,0.591665996583717
1.6275,2,1,1,2.08875422975132,4.3957098361995,12,0,15.4741935483871,10,0,0,0.591650314866179
1.63055555555556,2,1,1,2.09274223293409,4.39970762719645,12,0,15.4741935483871,10,0,0,0.591634633141513
1.63361111111111,2,1,1,2.09672981659952,4.40370499764549,12,0,15.4741935483871,10,0,0,0.591618951409718
1.63666666666667,2,1,1,2.1007169807915,4.40770194759074,12,0,15.4741935483871,10,0,0,0.591603269670795
1.63972222222222,2,1,1,2.10470372555437,4.41169847707664,12,0,15.4741935483871,10,0,0,0.591587587924743
1.64277777777778,2,1,1,2.10869005093213,4.41569458614737,12,0,15.4741935483871,10,0,0,0.591571906171562
1.64583333333333,2,1,1,2.11267595696904,4.41969027484714,12,0,15.4741935483871,10,0,0,0.591556224411253
1.64888888888889,2,1,1,2.11666144370918,4.42368554322019,12,0,15.4741935483871,10,0,0,0.591540542643814
1.65194444444444,2,1,1,2.12064651119658,4.42768039131084,12,0,15.4741935483871,10,0,0,0.591524860869247
1.655,2,1,1,2.12463115947565,4.43167481916322,12,0,15.4741935483871,10,0,0,0.59150917908755
1.65805555555556,2,1,1,2.12861538859028,4.43566882682165,12,0,15.4741935483871,10,0,0,0.591493497298724
1.66111111111111,2,1,1,2.13259919858467,4.4396624143306,12,0,15.4741935483871,10,0,0,0.591477815502769
1.66416666666667,2,1,1,2.13658258950295,4.44365558173394,12,0,15.4741935483871,10,0,0,0.591462133699685
1.66722222222222,2,1,1,2.14056556138928,4.44764832907606,12,0,15.4741935483871,10,0,0,0.591446451889471
1.67027777777778,2,1,1,2.14454811428766,4.45164065640131,12,0,15.4741935483871,10,0,0,0.591430770072127
1.67333333333333,2,1,1,2.14853024824225,4.4556325637538,12,0,15.4741935483871,10,0,0,0.591415088247654
1.67638888888889,2,1,1,2.15251196329723,4.45962405117768,12,0,15.4741935483871,10,0,0,0.591399406416051
1.67944444444444,2,1,1,2.15649325949653,4.46361511871709,12,0,15.4741935483871,10,0,0,0.591383724577318
1.6825,2,1,1,2.16047413688426,4.46760576641628,12,0,15.4741935483871,10,0,0,0.591368042731456
1.68555555555556,2,1,1,2.16445459550471,4.47159599431967,12,0,15.4741935483871,10,0,0,0.591352360878463
1.68861111111111,2,1,1,2.1684346354017,4.47558580247107,12,0,15.4741935483871,10,0,0,0.59133667901834
1.69166666666667,2,1,1,2.17241425661939,4.47957519091494,12,0,15.4741935483871,10,0,0,0.591320997151087
1.69472222222222,2,1,1,2.17639345920202,4.48356415969545,12,0,15.4741935483871,10,0,0,0.591305315276703
1.69777777777778,2,1,1,2.18037224319346,4.4875527088567,12,0,15.4741935483871,10,0,0,0.59128963339519
1.70083333333333,2,1,1,2.18435060863783,4.49154083844286,12,0,15.4741935483871,10,0,0,0.591273951506545
1.70388888888889,2,1,1,2.18832855557929,4.49552854849821,12,0,15.4741935483871,10,0,0,0.59125826961077
1.70694444444444,2,1,1,2.19230608406167,4.49951583906665,12,0,15.4741935483871,10,0,0,0.591242587707865
1.71,2,1,1,2.19628319412908,4.50350271019266,12,0,15.4741935483871,10,0,0,0.591226905797828
1.71305555555556,2,1,1,2.20025988582563,4.50748916192032,12,0,15.4741935483871,10,0,0,0.591211223880661
1.71611111111111,2,1,1,2.20423615919549,4.51147519429367,12,0,15.4741935483871,10,0,0,0.591195541956363
1.71916666666667,2,1,1,2.20821201428237,4.51546080735687,12,0,15.4741935483871,10,0,0,0.591179860024934
1.72222222222222,2,1,1,2.2121874511306,4.51944600115417,12,0,15.4741935483871,10,0,0,0.591164178086373
1.72527777777778,2,1,1,2.21616246978391,4.52343077572965,12,0,15.4741935483871,10,0,0,0.591148496140682
1.72833333333333,2,1,1,2.22013707028668,4.52741513112733,12,0,15.4741935483871,10,0,0,0.591132814187859
1.73138888888889,2,1,1,2.22411125268269,4.53139906739153,12,0,15.4741935483871,10,0,0,0.591117132227905
1.73444444444444,2,1,1,2.22808501701604,4.53538258456626,12,0,15.4741935483871,10,0,0,0.591101450260819
1.7375,2,1,1,2.23205836333062,4.53936568269563,12,0,15.4741935483871,10,0,0,0.591085768286601
1.74055555555556,2,1,1,2.23603129167054,4.5433483618238,12,0,15.4741935483871,10,0,0,0.591070086305252
1.74361111111111,2,1,1,2.24000380207985,4.54733062199477,12,0,15.4741935483871,10,0,0,0.591054404316771
1.74666666666667,2,1,1,2.24397589460239,4.5513124632526,12,0,15.4741935483871,10,0,0,0.591038722321158
1.74972222222222,2,1,1,2.24794756928219,4.55529388564156,12,0,15.4741935483871,10,0,0,0.591023040318414
1.75277777777778,2,1,1,2.25191882616349,4.55927488920571,12,0,15.4741935483871,10,0,0,0.591007358308537
1.75583333333333,2,1,1,2.25588966528983,4.56325547398933,12,0,15.4741935483871,10,0,0,0.590991676291528
1.75888888888889,2,1,1,2.25986008670537,4.56723564003613,12,0,15.4741935483871,10,0,0,0.590975994267386
1.76194444444444,2,1,1,2.26383009045423,4.5712153873904,12,0,15.4741935483871,10,0,0,0.590960312236113
1.765,2,1,1,2.26779967658024,4.57519471609612,12,0,15.4741935483871,10,0,0,0.590944630197707
1.76805555555556,2,1,1,2.27176884512733,4.5791736261973,12,0,15.4741935483871,10,0,0,0.590928948152168
1.77111111111111,2,1,1,2.27573759613949,4.58315211773817,12,0,15.4741935483871,10,0,0,0.590913266099497
1.77416666666667,2,1,1,2.27970592966057,4.58713019076282,12,0,15.4741935483871,10,0,0,0.590897584039694
1.77722222222222,2,1,1,2.28367384573465,4.59110784531504,12,0,15.4741935483871,10,0,0,0.590881901972757
1.78027777777778,2,1,1,2.28764134440564,4.59508508143921,12,0,15.4741935483871,10,0,0,0.590866219898687
1.78333333333333,2,1,1,2.29160842571747,4.59906189917916,12,0,15.4741935483871,10,0,0,0.590850537817485
1.78638888888889,2,1,1,2.29557508971408,4.60303829857884,12,0,15.4741935483871,10,0,0,0.590834855729149
1.78944444444444,2,1,1,2.29954133643946,4.60701427968252,12,0,15.4741935483871,10,0,0,0.59081917363368
1.7925,2,1,1,2.30350716593739,4.61098984253414,12,0,15.4741935483871,10,0,0,0.590803491531078
1.79555555555556,2,1,1,2.30747257825197,4.61496498717781,12,0,15.4741935483871,10,0,0,0.590787809421343
1.79861111111111,2,1,1,2.31143757342687,4.61893971365743,12,0,15.4741935483871,10,0,0,0.590772127304474
1.80166666666667,2,1,1,2.31540215150619,4.62291402201697,12,0,15.4741935483871,10,0,0,0.590756445180472
1.80472222222222,2,1,1,2.31936631253365,4.62688791230062,12,0,15.4741935483871,10,0,0,0.590740763049336
1.80777777777778,2,1,1,2.32333005655346,4.63086138455225,12,0,15.4741935483871,10,0,0,0.590725080911066
1.81083333333333,2,1,1,2.32729338360934,4.63483443881591,12,0,15.4741935483871,10,0,0,0.590709398765663
1.81388888888889,2,1,1,2.33125629374524,4.63880707513579,12,0,15.4741935483871,10,0,0,0.590693716613126
1.81694444444444,2,1,1,2.33521878700481,4.64277929355563,12,0,15.4741935483871,10,0,0,0.590678034453455
1.82,2,1,1,2.33918086343226,4.64675109411962,12,0,15.4741935483871,10,0,0,0.590662352286649
1.82305555555556,2,1,1,2.34314252307109,4.65072247687135,12,0,15.4741935483871,10,0,0,0.59064667011271
1.82611111111111,2,1,1,2.34710376596564,4.65469344185516,12,0,15.4741935483871,10,0,0,0.590630987931636
1.82916666666667,2,1,1,2.35106459215945,4.65866398911493,12,0,15.4741935483871,10,0,0,0.590615305743428
1.83222222222222,2,1,1,2.35502500169633,4.6626341186946,12,0,15.4741935483871,10,0,0,0.590599623548085
1.83527777777778,2,1,1,2.35898499462036,4.66660383063817,12,0,15.4741935483871,10,0,0,0.590583941345608
1.83833333333333,2,1,1,2.36294457097529,4.67057312498969,12,0,15.4741935483871,10,0,0,0.590568259135996
1.84138888888889,2,1,1,2.36690373080501,4.67454200179299,12,0,15.4741935483871,10,0,0,0.59055257691925
1.84444444444444,2,1,1,2.37086247415323,4.67851046109223,12,0,15.4741935483871,10,0,0,0.590536894695369
1.8475,2,1,1,2.37482080106395,4.68247850293091,12,0,15.4741935483871,10,0,0,0.590521212464353
1.85055555555556,2,1,1,2.37877871158094,4.68644612735318,12,0,15.4741935483871,10,0,0,0.590505530226202
1.85361111111111,2,1,1,2.38273620574807,4.69041333440322,12,0,15.4741935483871,10,0,0,0.590489847980915
1.85666666666667,2,1,1,2.38669328360925,4.69438012412462,12,0,15.4741935483871,10,0,0,0.590474165728494
1.85972222222222,2,1,1,2.39064994520805,4.69834649656173,12,0,15.4741935483871,10,0,0,0.590458483468937
1.86277777777778,2,1,1,2.39460619058843,4.70231245175808,12,0,15.4741935483871,10,0,0,0.590442801202245
1.86583333333333,2,1,1,2.39856201979421,4.70627798975789,12,0,15.4741935483871,10,0,0,0.590427118928418
1.86888888888889,2,1,1,2.40251743286922,4.71024311060484,12,0,15.4741935483871,10,0,0,0.590411436647455
1.87194444444444,2,1,1,2.40647242985716,4.71420781434284,12,0,15.4741935483871,10,0,0,0.590395754359357
1.875,2,1,1,2.41042701080187,4.71817210101597,12,0,15.4741935483871,10,0,0,0.590380072064122
1.87805555555556,2,1,1,2.41438117574722,4.72213597066798,12,0,15.4741935483871,10,0,0,0.590364389761752
1.88111111111111,2,1,1,2.41833492473694,4.72609942334276,12,0,15.4741935483871,10,0,0,0.590348707452247
1.88416666666667,2,1,1,2.42228825781467,4.73006245908419,12,0,15.4741935483871,10,0,0,0.590333025135605
1.88722222222222,2,1,1,2.42624117502459,4.73402507793639,12,0,15.4741935483871,10,0,0,0.590317342811827
1.89027777777778,2,1,1,2.43019367641023,4.73798727994307,12,0,15.4741935483871,10,0,0,0.590301660480913
1.89333333333333,2,1,1,2.43414576201519,4.74194906514833,12,0,15.4741935483871,10,0,0,0.590285978142863
1.89638888888889,2,1,1,2.43809743188336,4.74591043359555,12,0,15.4741935483871,10,0,0,0.590270295797676
1.89944444444444,2,1,1,2.44204868605857,4.74987138532902,12,0,15.4741935483871,10,0,0,0.590254613445353
1.9025,2,1,1,2.44599952458452,4.75383192039237,12,0,15.4741935483871,10,0,0,0.590238931085893
1.90555555555556,2,1,1,2.4499499475051,4.75779203882956,12,0,15.4741935483871,10,0,0,0.590223248719297
1.90861111111111,2,1,1,2.45389995486386,4.76175174068447,12,0,15.4741935483871,10,0,0,0.590207566345564
1.91166666666667,2,1,1,2.45784954670455,4.76571102600087,12,0,15.4741935483871,10,0,0,0.590191883964694
1.91472222222222,2,1,1,2.46179872307101,4.76966989482264,12,0,15.4741935483871,10,0,0,0.590176201576688
1.91777777777778,2,1,1,2.46574748400695,4.77362834719372,12,0,15.4741935483871,10,0,0,0.590160519181544
1.92083333333333,2,1,1,2.46969582955603,4.77758638315771,12,0,15.4741935483871,10,0,0,0.590144836779264
1.92388888888889,2,1,1,2.47364375976224,4.78154400275872,12,0,15.4741935483871,10,0,0,0.590129154369846
1.92694444444444,2,1,1,2.4775912746689,4.78550120604052,12,0,15.4741935483871,10,0,0,0.590113471953291
1.93,2,1,1,2.48153837431994,4.78945799304688,12,0,15.4741935483871,10,0,0,0.590097789529599
1.93305555555556,2,1,1,2.48548505875902,4.79341436382157,12,0,15.4741935483871,10,0,0,0.590082107098769
1.93611111111111,2,1,1,2.48943132803009,4.7973703184083,12,0,15.4741935483871,10,0,0,0.590066424660802
1.93916666666667,2,1,1,2.49337718217657,4.80132585685107,12,0,15.4741935483871,10,0,0,0.590050742215697
1.94222222222222,2,1,1,2.49732262124223,4.80528097919381,12,0,15.4741935483871,10,0,0,0.590035059763455
1.94527777777778,2,1,1,2.50126764527079,4.80923568548002,12,0,15.4741935483871,10,0,0,0.590019377304075
1.94833333333333,2,1,1,2.50521225430577,4.81318997575352,12,0,15.4741935483871,10,0,0,0.590003694837557
1.95138888888889,2,1,1,2.50915644839097,4.81714385005824,12,0,15.4741935483871,10,0,0,0.589988012363901
1.95444444444444,2,1,1,2.51310022757002,4.82109730843786,12,0,15.4741935483871,10,0,0,0.589972329883106
1.9575,2,1,1,2.51704359188687,4.82505035093635,12,0,15.4741935483871,10,0,0,0.589956647395174
1.96055555555556,2,1,1,2.52098654138484,4.82900297759744,12,0,15.4741935483871,10,0,0,0.589940964900104
1.96361111111111,2,1,1,2.52492907610781,4.83295518846484,12,0,15.4741935483871,10,0,0,0.589925282397895
1.96666666666667,2,1,1,2.52887119609937,4.83690698358225,12,0,15.4741935483871,10,0,0,0.589909599888548
1.96972222222222,2,1,1,2.53281290140302,4.84085836299329,12,0,15.4741935483871,10,0,0,0.589893917372062
1.97277777777778,2,1,1,2.53675419206252,4.84480932674199,12,0,15.4741935483871,10,0,0,0.589878234848438
1.97583333333333,2,1,1,2.54069506812169,4.84875987487192,12,0,15.4741935483871,10,0,0,0.589862552317675
1.97888888888889,2,1,1,2.54463552962392,4.85271000742705,12,0,15.4741935483871,10,0,0,0.589846869779773
1.98194444444444,2,1,1,2.54857557661302,4.85665972445082,12,0,15.4741935483871,10,0,0,0.589831187234732
1.985,2,1,1,2.55251520913242,4.8606090259874,12,0,15.4741935483871,10,0,0,0.589815504682553
1.98805555555556,2,1,1,2.5564544272259,4.86455791208004,12,0,15.4741935483871,10,0,0,0.589799822123234
1.99111111111111,2,1,1,2.56039323093717,4.86850638277286,12,0,15.4741935483871,10,0,0,0.589784139556777
1.99416666666667,2,1,1,2.56433162030976,4.87245443810934,12,0,15.4741935483871,10,0,0,0.58976845698318
1.99722222222222,2,1,1,2.56826959538722,4.87640207813331,12,0,15.4741935483871,10,0,0,0.589752774402444
2.00027777777778,2,1,1,2.57220715621327,4.88034930288848,12,0,15.4741935483871,10,0,0,0.589737091814568
2.00333333333333,2,1,1,2.57614430283144,4.88429611241861,12,0,15.4741935483871,10,0,0,0.589721409219553
2.00638888888889,2,1,1,2.58008103528527,4.88824250676731,12,0,15.4741935483871,10,0,0,0.589705726617399
2.00944444444444,2,1,1,2.58401735361844,4.89218848597824,12,0,15.4741935483871,10,0,0,0.589690044008104
2.0125,2,1,1,2.58795325787452,4.89613405009527,12,0,15.4741935483871,10,0,0,0.58967436139167
2.01555555555556,2,1,1,2.59188874809718,4.90007919916195,12,0,15.4741935483871,10,0,0,0.589658678768097
2.01861111111111,2,1,1,2.59582382432984,4.90402393322199,12,0,15.4741935483871,10,0,0,0.589642996137383
2.02166666666667,2,1,1,2.59975848661611,4.90796825231922,12,0,15.4741935483871,10,0,0,0.589627313499529
2.02472222222222,2,1,1,2.60369273499953,4.91191215649712,12,0,15.4741935483871,10,0,0,0.589611630854535
2.02777777777778,2,1,1,2.60762656952392,4.91585564579947,12,0,15.4741935483871,10,0,0,0.589595948202401
2.03083333333333,2,1,1,2.61155999023259,4.9197987202698,12,0,15.4741935483871,10,0,0,0.589580265543127
2.03388888888889,2,1,1,2.6154929971691,4.92374137995205,12,0,15.4741935483871,10,0,0,0.589564582876712
2.03694444444444,2,1,1,2.61942559037703,4.9276836248896,12,0,15.4741935483871,10,0,0,0.589548900203157
2.04,2,1,1,2.62335776990005,4.93162545512644,12,0,15.4741935483871,10,0,0,0.58953321752246
2.04305555555556,2,1,1,2.62728953578164,4.93556687070588,12,0,15.4741935483871,10,0,0,0.589517534834624
2.04611111111111,2,1,1,2.6312208880654,4.93950787167171,12,0,15.4741935483871,10,0,0,0.589501852139646
2.04916666666667,2,1,1,2.6351518267947,4.94344845806768,12,0,15.4741935483871,10,0,0,0.589486169437528
2.05222222222222,2,1,1,2.6390823520133,4.94738862993717,12,0,15.4741935483871,10,0,0,0.589470486728269
2.05527777777778,2,1,1,2.64301246376448,4.95132838732377,12,0,15.4741935483871,10,0,0,0.58945480401187
2.05833333333333,2,1,1,2.64694216209193,4.95526773027143,12,0,15.4741935483871,10,0,0,0.589439121288329
2.06138888888889,2,1,1,2.65087144703921,4.95920665882352,12,0,15.4741935483871,10,0,0,0.589423438557648
2.06444444444444,2,1,1,2.65480031864956,4.9631451730238,12,0,15.4741935483871,10,0,0,0.589407755819826
2.0675,2,1,1,2.65872877696683,4.96708327291583,12,0,15.4741935483871,10,0,0,0.589392073074862
2.07055555555556,2,1,1,2.66265682203419,4.97102095854319,12,0,15.4741935483871,10,0,0,0.589376390322757
2.07361111111111,2,1,1,2.6665844538955,4.97495822994978,12,0,15.4741935483871,10,0,0,0.58936070756351
2.07666666666667,2,1,1,2.67051167259388,4.97889508717878,12,0,15.4741935483871,10,0,0,0.589345024797121
2.07972222222222,2,1,1,2.67443847817316,4.98283153027387,12,0,15.4741935483871,10,0,0,0.589329342023591
2.08277777777778,2,1,1,2.6783648706766,4.98676755927897,12,0,15.4741935483871,10,0,0,0.589313659242919
2.08583333333333,2,1,1,2.68229085014764,4.99070317423741,12,0,15.4741935483871,10,0,0,0.589297976455105
2.08888888888889,2,1,1,2.68621641662986,4.99463837519295,12,0,15.4741935483871,10,0,0,0.589282293660149
2.09194444444444,2,1,1,2.69014157016676,4.99857316218879,12,0,15.4741935483871,10,0,0,0.589266610858051
2.095,2,1,1,2.69406631080182,5.00250753526871,12,0,15.4741935483871,10,0,0,0.589250928048811
2.09805555555556,2,1,1,2.69799063857846,5.00644149447629,12,0,15.4741935483871,10,0,0,0.589235245232429
2.10111111111111,2,1,1,2.70191455354001,5.01037503985521,12,0,15.4741935483871,10,0,0,0.589219562408904
2.10416666666667,2,1,1,2.70583805573023,5.01430817144882,12,0,15.4741935483871,10,0,0,0.589203879578237
2.10722222222222,2,1,1,2.70976114519226,5.0182408893009,12,0,15.4741935483871,10,0,0,0.589188196740427
2.11027777777778,2,1,1,2.71368382196971,5.02217319345476,12,0,15.4741935483871,10,0,0,0.589172513895475
2.11333333333333,2,1,1,2.71760608610606,5.02610508395412,12,0,15.4741935483871,10,0,0,0.58915683104338
2.11638888888889,2,1,1,2.72152793764451,5.03003656084235,12,0,15.4741935483871,10,0,0,0.589141148184143
2.11944444444444,2,1,1,2.72544937662877,5.03396762416315,12,0,15.4741935483871,10,0,0,0.589125465317762
2.1225,2,1,1,2.72937040310205,5.03789827396002,12,0,15.4741935483871,10,0,0,0.589109782444239
2.12555555555556,2,1,1,2.73329101710783,5.04182851027633,12,0,15.4741935483871,10,0,0,0.589094099563572
2.12861111111111,2,1,1,2.73721121868954,5.04575833315596,12,0,15.4741935483871,10,0,0,0.589078416675762
2.13166666666667,2,1,1,2.74113100789066,5.04968774264205,12,0,15.4741935483871,10,0,0,0.58906273378081
2.13472222222222,2,1,1,2.74505038475451,5.05361673877843,12,0,15.4741935483871,10,0,0,0.589047050878714
2.13777777777778,2,1,1,2.7489693493244,5.05754532160847,12,0,15.4741935483871,10,0,0,0.589031367969474
2.14083333333333,2,1,1,2.75288790164404,5.06147349117543,12,0,15.4741935483871,10,0,0,0.589015685053091
2.14388888888889,2,1,1,2.75680604175653,5.06540124752314,12,0,15.4741935483871,10,0,0,0.589000002129564
2.14694444444444,2,1,1,2.76072376970546,5.06932859069502,12,0,15.4741935483871,10,0,0,0.588984319198894
2.15,2,1,1,2.76464108553409,5.07325552073439,12,0,15.4741935483871,10,0,0,0.58896863626108
2.15305555555556,2,1,1,2.76855798928568,5.07718203768513,12,0,15.4741935483871,10,0,0,0.588952953316123
2.15611111111111,2,1,1,2.77247448100388,5.08110814159039,12,0,15.4741935483871,10,0,0,0.588937270364021
2.15916666666667,2,1,1,2.77639056073178,5.08503383249354,12,0,15.4741935483871,10,0,0,0.588921587404775
2.16222222222222,2,1,1,2.78030622851304,5.0889591104384,12,0,15.4741935483871,10,0,0,0.588905904438385
2.16527777777778,2,1,1,2.78422148439091,5.09288397546834,12,0,15.4741935483871,10,0,0,0.588890221464851
2.16833333333333,2,1,1,2.78813632840865,5.09680842762668,12,0,15.4741935483871,10,0,0,0.588874538484173
2.17138888888889,2,1,1,2.7920507606097,5.10073246695703,12,0,15.4741935483871,10,0,0,0.588858855496351
2.17444444444444,2,1,1,2.79596478103741,5.10465609350285,12,0,15.4741935483871,10,0,0,0.588843172501384
2.1775,2,1,1,2.799878389735,5.10857930730737,12,0,15.4741935483871,10,0,0,0.588827489499272
2.18055555555556,2,1,1,2.80379158674594,5.11250210841422,12,0,15.4741935483871,10,0,0,0.588811806490016
2.18361111111111,2,1,1,2.80770437211351,5.11642449686673,12,0,15.4741935483871,10,0,0,0.588796123473615
2.18666666666667,2,1,1,2.81161674588105,5.12034647270855,12,0,15.4741935483871,10,0,0,0.588780440450069
2.18972222222222,2,1,1,2.81552870809196,5.12426803598282,12,0,15.4741935483871,10,0,0,0.588764757419378
2.19277777777778,2,1,1,2.81944025878943,5.1281891867331,12,0,15.4741935483871,10,0,0,0.588749074381543
2.19583333333333,2,1,1,2.82335139801683,5.13210992500279,12,0,15.4741935483871,10,0,0,0.588733391336562
2.19888888888889,2,1,1,2.82726212581741,5.13603025083546,12,0,15.4741935483871,10,0,0,0.588717708284436
2.20194444444444,2,1,1,2.83117244223462,5.13995016427413,12,0,15.4741935483871,10,0,0,0.588702025225165
2.205,2,1,1,2.83508234731158,5.14386966536262,12,0,15.4741935483871,10,0,0,0.588686342158748
2.20805555555556,2,1,1,2.8389918410918,5.1477887541443,12,0,15.4741935483871,10,0,0,0.588670659085187
2.21111111111111,2,1,1,2.84290092361846,5.15170743066233,12,0,15.4741935483871,10,0,0,0.588654976004479
2.21416666666667,2,1,1,2.84680959493471,5.15562569496029,12,0,15.4741935483871,10,0,0,0.588639292916626
2.21722222222222,2,1,1,2.8507178550841,5.15954354708151,12,0,15.4741935483871,10,0,0,0.588623609821628
2.22027777777778,2,1,1,2.85462570410982,5.16346098706947,12,0,15.4741935483871,10,0,0,0.588607926719483
2.22333333333333,2,1,1,2.85853314205514,5.1673780149676,12,0,15.4741935483871,10,0,0,0.588592243610193
2.22638888888889,2,1,1,2.86244016896308,5.17129463081903,12,0,15.4741935483871,10,0,0,0.588576560493757
2.22944444444444,2,1,1,2.86634678487718,5.17521083466715,12,0,15.4741935483871,10,0,0,0.588560877370175
2.2325,2,1,1,2.87025298984071,5.17912662655539,12,0,15.4741935483871,10,0,0,0.588545194239447
2.23555555555556,2,1,1,2.8741587838968,5.18304200652705,12,0,15.4741935483871,10,0,0,0.588529511101572
2.23861111111111,2,1,1,2.87806416708884,5.18695697462562,12,0,15.4741935483871,10,0,0,0.588513827956551
2.24166666666667,2,1,1,2.8819691394599,5.19087153089441,12,0,15.4741935483871,10,0,0,0.588498144804384
2.24472222222222,2,1,1,2.88587370105336,5.19478567537692,12,0,15.4741935483871,10,0,0,0.58848246164507
2.24777777777778,2,1,1,2.88977785191236,5.19869940811645,12,0,15.4741935483871,10,0,0,0.58846677847861
2.25083333333333,2,1,1,2.89368159208016,5.2026127291561,12,0,15.4741935483871,10,0,0,0.588451095305003
2.25388888888889,2,1,1,2.89758492160007,5.20652563853923,12,0,15.4741935483871,10,0,0,0.58843541212425
2.25694444444444,2,1,1,2.90148784051513,5.21043813630916,12,0,15.4741935483871,10,0,0,0.588419728936349
2.26,2,1,1,2.90539034886882,5.21435022250944,12,0,15.4741935483871,10,0,0,0.588404045741302
2.26305555555556,2,1,1,2.90929244670417,5.21826189718331,12,0,15.4741935483871,10,0,0,0.588388362539107
2.26611111111111,2,1,1,2.9131941340645,5.22217316037393,12,0,15.4741935483871,10,0,0,0.588372679329766
2.26916666666667,2,1,1,2.91709541099289,5.22608401212489,12,0,15.4741935483871,10,0,0,0.588356996113277
2.27222222222222,2,1,1,2.92099627753265,5.22999445247927,12,0,15.4741935483871,10,0,0,0.588341312889641
2.27527777777778,2,1,1,2.92489673372711,5.23390448148058,12,0,15.4741935483871,10,0,0,0.588325629658858
2.27833333333333,2,1,1,2.92879677961912,5.23781409917177,12,0,15.4741935483871,10,0,0,0.588309946420927
2.28138888888889,2,1,1,2.93269641525211,5.24172330559645,12,0,15.4741935483871,10,0,0,0.588294263175849
2.28444444444444,2,1,1,2.93659564066922,5.24563210079776,12,0,15.4741935483871,10,0,0,0.588278579923624
2.2875,2,1,1,2.94049445591355,5.24954048481914,12,0,15.4741935483871,10,0,0,0.58826289666425
2.29055555555556,2,1,1,2.94439286102829,5.25344845770366,12,0,15.4741935483871,10,0,0,0.588247213397729
2.29361111111111,2,1,1,2.9482908560567,5.25735601949481,12,0,15.4741935483871,10,0,0,0.58823153012406
2.29666666666667,2,1,1,2.95218844104187,5.26126317023574,12,0,15.4741935483871,10,0,0,0.588215846843243
2.29972222222222,2,1,1,2.95608561602688,5.26516990996987,12,0,15.4741935483871,10,0,0,0.588200163555278
2.30277777777778,2,1,1,2.95998238105506,5.26907623874024,12,0,15.4741935483871,10,0,0,0.588184480260164
2.30583333333333,2,1,1,2.96387873616948,5.2729821565901,12,0,15.4741935483871,10,0,0,0.588168796957903
2.30888888888889,2,1,1,2.96777468141318,5.27688766356289,12,0,15.4741935483871,10,0,0,0.588153113648493
2.31194444444444,2,1,1,2.97167021682947,5.2807927597018,12,0,15.4741935483871,10,0,0,0.588137430331935
2.315,2,1,1,2.97556534246144,5.28469744504991,12,0,15.4741935483871,10,0,0,0.588121747008228
2.31805555555556,2,1,1,2.97946005835223,5.28860171965079,12,0,15.4741935483871,10,0,0,0.588106063677373
2.32111111111111,2,1,1,2.98335436454494,5.29250558354732,12,0,15.4741935483871,10,0,0,0.588090380339369
2.32416666666667,2,1,1,2.98724826108275,5.29640903678279,12,0,15.4741935483871,10,0,0,0.588074696994217
2.32722222222222,2,1,1,2.99114174800866,5.30031207940067,12,0,15.4741935483871,10,0,0,0.588059013641915
2.33027777777778,2,1,1,2.99503482536596,5.30421471144388,12,0,15.4741935483871,10,0,0,0.588043330282465
2.33333333333333,2,1,1,2.99892749319747,5.30811693295578,12,0,15.4741935483871,10,0,0,0.588027646915866
2.33638888888889,2,1,1,3.00281975154644,5.31201874397982,12,0,15.4741935483871,10,0.00140987577319152,0.00140987577319152,0.588011963542117
2.33944444444444,2,1,1,3.00671160045601,5.31592014455879,12,0,15.4741935483871,10,0.00335580022797899,0.00335580022797899,0.58799628016122
2.3425,2,1,1,3.01060303996934,5.319821134736,12,0,15.4741935483871,10,0.00530151998464135,0.00530151998464135,0.587980596773173
2.34555555555556,2,1,1,3.01449407012962,5.32372171455478,12,0,15.4741935483871,10,0.00724703506477908,0.00724703506477908,0.587964913377977
2.34861111111111,2,1,1,3.0183846909797,5.3276218840582,12,0,15.4741935483871,10,0.00919234548982217,0.00919234548982217,0.587949229975631
2.35166666666667,2,1,1,3.02227490256286,5.33152164328953,12,0,15.4741935483871,10,0.0111374512813995,0.0111374512813995,0.587933546566136
2.35472222222222,2,1,1,3.02616470492188,5.33542099229203,12,0,15.4741935483871,10,0.0130823524609127,0.0130823524609127,0.587917863149492
2.35777777777778,2,1,1,3.03005409810004,5.33931993110872,12,0,15.4741935483871,10,0.0150270490500191,0.0150270490500191,0.587902179725697
2.36083333333333,2,1,1,3.03394308214035,5.34321845978292,12,0,15.4741935483871,10,0.0169715410701485,0.0169715410701485,0.587886496294753
2.36388888888889,2,1,1,3.03783165708609,5.34711657835754,12,0,15.4741935483871,10,0.0189158285430153,0.0189158285430153,0.587870812856659
2.36694444444444,2,1,1,3.04171982298016,5.35101428687614,12,0,15.4741935483871,10,0.0208599114900778,0.0208599114900778,0.587855129411415
2.37,2,1,1,3.04560757986542,5.35491158538156,12,0,15.4741935483871,10,0.0228037899327092,0.0228037899327092,0.587839445959021
2.37305555555556,2,1,1,3.04949492778519,5.35880847391707,12,0,15.4741935483871,10,0.0247474638925667,0.0247474638925667,0.587823762499477
2.37611111111111,2,1,1,3.05338186678244,5.36270495252586,12,0,15.4741935483871,10,0.026690933391194,0.026690933391194,0.587808079032783
2.37916666666667,2,1,1,3.05726839690021,5.36660102125097,12,0,15.4741935483871,10,0.028634198450078,0.028634198450078,0.587792395558939
2.38222222222222,2,1,1,3.06115451818147,5.37049668013583,12,0,15.4741935483871,10,0.0305772590907338,0.0305772590907338,0.587776712077944
2.38527777777778,2,1,1,3.06504023066918,5.37439192922318,12,0,15.4741935483871,10,0.0325201153345915,0.0325201153345915,0.587761028589798
2.38833333333333,2,1,1,3.06892553440662,5.37828676855622,12,0,15.4741935483871,10,0.03446276720328,0.03446276720328,0.587745345094502
2.39138888888889,2,1,1,3.07281042943657,5.38218119817827,12,0,15.4741935483871,10,0.0364052147182576,0.0364052147182576,0.587729661592056
2.39444444444444,2,1,1,3.07669491580219,5.38607521813242,12,0,15.4741935483871,10,0.0383474579010965,0.0383474579010965,0.587713978082458
2.3975,2,1,1,3.08057899354668,5.3899688284618,12,0,15.4741935483871,10,0.0402894967733118,0.0402894967733118,0.58769829456571
2.40055555555556,2,1,1,3.08446266271255,5.39386202920952,12,0,15.4741935483871,10,0.0422313313562483,0.0422313313562483,0.587682611041811
2.40361111111111,2,1,1,3.08834592334324,5.39775482041853,12,0,15.4741935483871,10,0.0441729616715918,0.0441729616715918,0.587666927510761
2.40666666666667,2,1,1,3.09222877548149,5.4016472021321,12,0,15.4741935483871,10,0.0461143877407437,0.0461143877407437,0.58765124397256
2.40972222222222,2,1,1,3.0961112191705,5.40553917439337,12,0,15.4741935483871,10,0.0480556095852194,0.0480556095852194,0.587635560427208
2.41277777777778,2,1,1,3.09999325445312,5.4094307372452,12,0,15.4741935483871,10,0.049996627226534,0.049996627226534,0.587619876874704
2.41583333333333,2,1,1,3.10387488137241,5.41332189073091,12,0,15.4741935483871,10,0.0519374406861743,0.0519374406861743,0.58760419331505
2.41888888888889,2,1,1,3.10775609997137,5.41721263489359,12,0,15.4741935483871,10,0.0538780499856841,0.0538780499856841,0.587588509748243
2.42194444444444,2,1,1,3.11163691029299,5.42110296977614,12,0,15.4741935483871,10,0.0558184551464649,0.0558184551464649,0.587572826174286
2.425,2,1,1,3.11551731238012,5.42499289542189,12,0,15.4741935483871,10,0.0577586561900318,0.0577586561900318,0.587557142593176
2.42805555555556,2,1,1,3.1193973062758,5.42888241187364,12,0,15.4741935483871,10,0.0596986531378718,0.0596986531378718,0.587541459004916
2.43111111111111,2,1,1,3.123276892023,5.43277151917471,12,0,15.4741935483871,10,0.0616384460115,0.0616384460115,0.587525775409503
2.43416666666667,2,1,1,3.12715606966475,5.43666021736794,12,0,15.4741935483871,10,0.0635780348323465,0.0635780348323465,0.587510091806938
2.43722222222222,2,1,1,3.13103483924402,5.44054850649638,12,0,15.4741935483871,10,0.0655174196219832,0.0655174196219832,0.587494408197222
2.44027777777778,2,1,1,3.13491320080368,5.44443638660334,12,0,15.4741935483871,10,0.0674566004018402,0.0674566004018402,0.587478724580353
2.44333333333333,2,1,1,3.13879115438652,5.44832385773174,12,0,15.4741935483871,10,0.0693955771932622,0.0693955771932622,0.587463040956333
2.44638888888889,2,1,1,3.14266870003564,5.45221091992465,12,0,15.4741935483871,10,0.0713343500178212,0.0713343500178212,0.58744735732516
2.44944444444444,2,1,1,3.14654583779389,5.45609757322501,12,0,15.4741935483871,10,0.0732729188969188,0.0732729188969188,0.587431673686835
2.4525,2,1,1,3.15042256770442,5.459983817676,12,0,15.4741935483871,10,0.0752112838522123,0.0752112838522123,0.587415990041358
2.45555555555556,2,1,1,3.15429888981021,5.46386965332067,12,0,15.4741935483871,10,0.0771494449051033,0.0771494449051033,0.587400306388728
2.45861111111111,2,1,1,3.15817480415376,5.46775508020193,12,0,15.4741935483871,10,0.0790874020768513,0.0790874020768513,0.587384622728946
2.46166666666667,2,1,1,3.16205031077834,5.47164009836274,12,0,15.4741935483871,10,0.0810251553891419,0.0810251553891419,0.587368939062011
2.46472222222222,2,1,1,3.16592540972675,5.47552470784638,12,0,15.4741935483871,10,0.0829627048633483,0.0829627048633483,0.587353255387923
2.46777777777778,2,1,1,3.1698001010418,5.47940890869569,12,0,15.4741935483871,10,0.0849000505209005,0.0849000505209005,0.587337571706683
2.47083333333333,2,1,1,3.17367438476657,5.4832927009536,12,0,15.4741935483871,10,0.0868371923832854,0.0868371923832854,0.587321888018289
2.47388888888889,2,1,1,3.17754826094381,5.4871760846633,12,0,15.4741935483871,10,0.0887741304718759,0.0887741304718759,0.587306204322743
2.47694444444444,2,1,1,3.18142172961672,5.49105905986778,12,0,15.4741935483871,10,0.0907108648083295,0.0907108648083295,0.587290520620044
2.48,2,1,1,3.18529479082781,5.49494162660983,12,0,15.4741935483871,10,0.0926473954139055,0.0926473954139055,0.587274836910191
2.48305555555556,2,1,1,3.18916744462007,5.4988237849326,12,0,15.4741935483871,10,0.0945837223100057,0.0945837223100057,0.587259153193185
2.48611111111111,2,1,1,3.1930396910364,5.50270553487911,12,0,15.4741935483871,10,0.0965198455181735,0.0965198455181735,0.587243469469027
2.48916666666667,2,1,1,3.19691153011985,5.50658687649224,12,0,15.4741935483871,10,0.0984557650598958,0.0984557650598958,0.587227785737714
2.49222222222222,2,1,1,3.20078296191309,5.51046780981505,12,0,15.4741935483871,10,0.100391480956517,0.100391480956517,0.587212101999248
2.49527777777778,2,1,1,3.20465398645905,5.51434833489054,12,0,15.4741935483871,10,0.102326993229525,0.102326993229525,0.587196418253629
2.49833333333333,2,1,1,3.20852460380064,5.51822845176156,12,0,15.4741935483871,10,0.104262301900292,0.104262301900292,0.587180734500856
2.50138888888889,2,1,1,3.21239481398072,5.52210816047125,12,0,15.4741935483871,10,0.106197406990333,0.106197406990333,0.587165050740929
2.50444444444444,2,1,1,3.21626461704216,5.52598746106241,12,0,15.4741935483871,10,0.108132308521078,0.108132308521078,0.587149366973848
2.5075,2,1,1,3.22013401302792,5.52986635357826,12,0,15.4741935483871,10,0.110067006513958,0.110067006513958,0.587133683199614
2.51055555555556,2,1,1,3.22400300198052,5.53374483806147,12,0,15.4741935483871,10,0.112001500990232,0.112001500990232,0.587117999418226
2.51361111111111,2,1,1,3.22787158394311,5.53762291455507,12,0,15.4741935483871,10,0.113935791971528,0.113935791971528,0.587102315629684
2.51666666666667,2,1,1,3.23173975895833,5.54150058310211,12,0,15.4741935483871,10,0.115869879479163,0.115869879479163,0.587086631833988
2.51972222222222,2,1,1,3.23560752706902,5.5453778437452,12,0,15.4741935483871,10,0.117803763534511,0.117803763534511,0.587070948031138
2.52277777777778,2,1,1,3.23947488831806,5.5492546965275,12,0,15.4741935483871,10,0.119737444159028,0.119737444159028,0.587055264221133
2.52583333333333,2,1,1,3.24334184274824,5.55313114149203,12,0,15.4741935483871,10,0.12167092137409,0.12167092137409,0.587039580403975
2.52888888888889,2,1,1,3.24720839040236,5.55700717868177,12,0,15.4741935483871,10,0.123604195201153,0.123604195201153,0.587023896579661
2.53194444444444,2,1,1,3.2510745313233,5.56088280813941,12,0,15.4741935483871,10,0.12553726566162,0.12553726566162,0.587008212748194
2.535,2,1,1,3.25494026555401,5.56475802990792,12,0,15.4741935483871,10,0.127470132777006,0.127470132777006,0.586992528909571
2.53805555555556,2,1,1,3.25880559313714,5.56863284403028,12,0,15.4741935483871,10,0.12940279656857,0.12940279656857,0.586976845063794
2.54111111111111,2,1,1,3.26267051411548,5.57250725054939,12,0,15.4741935483871,10,0.131335257057714,0.131335257057714,0.586961161210862
2.54416666666667,2,1,1,3.26653502853185,5.57638124950807,12,0,15.4741935483871,10,0.133267514265924,0.133267514265924,0.586945477350775
2.54722222222222,2,1,1,3.27039913642903,5.58025484094918,12,0,15.4741935483871,10,0.135199568214517,0.135199568214517,0.586929793483533
2.55027777777778,2,1,1,3.27426283784985,5.58412802491574,12,0,15.4741935483871,10,0.137131418924895,0.137131418924895,0.586914109609136
2.55333333333333,2,1,1,3.27812613283703,5.58800080145062,12,0,15.4741935483871,10,0.139063066418487,0.139063066418487,0.586898425727584
2.55638888888889,2,1,1,3.28198902143356,5.59187317059684,12,0,15.4741935483871,10,0.140994510716752,0.140994510716752,0.586882741838876
2.55944444444444,2,1,1,3.28585150368207,5.5957451323971,12,0,15.4741935483871,10,0.142925751841034,0.142925751841034,0.586867057943013
2.5625,2,1,1,3.28971357962507,5.59961668689414,12,0,15.4741935483871,10,0.144856789812536,0.144856789812536,0.586851374039995
2.56555555555556,2,1,1,3.29357524930566,5.60348783413104,12,0,15.4741935483871,10,0.146787624652802,0.146787624652802,0.586835690129821
2.56861111111111,2,1,1,3.29743651276652,5.60735857415057,12,0,15.4741935483871,10,0.148718256383233,0.148718256383233,0.586820006212492
2.57166666666667,2,1,1,3.30129737005035,5.61122890699579,12,0,15.4741935483871,10,0.150648685025175,0.150648685025175,0.586804322288006
2.57472222222222,2,1,1,3.30515782119988,5.61509883270941,12,0,15.4741935483871,10,0.152578910599942,0.152578910599942,0.586788638356366
2.57777777777778,2,1,1,3.3090178662581,5.61896835133422,12,0,15.4741935483871,10,0.154508933129051,0.154508933129051,0.586772954417569
2.58083333333333,2,1,1,3.31287750526764,5.6228374629132,12,0,15.4741935483871,10,0.15643875263379,0.15643875263379,0.586757270471616
2.58388888888889,2,1,1,3.31673673827106,5.62670616748903,12,0,15.4741935483871,10,0.158368369135502,0.158368369135502,0.586741586518508
2.58694444444444,2,1,1,3.32059556531124,5.63057446510476,12,0,15.4741935483871,10,0.16029778265559,0.16029778265559,0.586725902558243
2.59,2,1,1,3.32445398643085,5.63444235580295,12,0,15.4741935483871,10,0.162226993215427,0.162226993215427,0.586710218590822
2.59305555555556,2,1,1,3.3283120016726,5.63830983962669,12,0,15.4741935483871,10,0.1641560008363,0.1641560008363,0.586694534616245
2.59611111111111,2,1,1,3.33216961107939,5.64217691661884,12,0,15.4741935483871,10,0.166084805539668,0.166084805539668,0.586678850634511
2.59916666666667,2,1,1,3.33602681469375,5.64604358682192,12,0,15.4741935483871,10,0.168013407346848,0.168013407346848,0.586663166645621
2.60222222222222,2,1,1,3.33988361255831,5.6499098502789,12,0,15.4741935483871,10,0.169941806279155,0.169941806279155,0.586647482649575
2.60527777777778,2,1,1,3.34374000471593,5.65377570703265,12,0,15.4741935483871,10,0.171870002357963,0.171870002357963,0.586631798646371
2.60833333333333,2,1,1,3.34759599120929,5.65764115712591,12,0,15.4741935483871,10,0.173797995604616,0.173797995604616,0.586616114636011
2.61138888888889,2,1,1,3.3514515720812,5.66150620060159,12,0,15.4741935483871,10,0.175725786040573,0.175725786040573,0.586600430618495
2.61444444444444,2,1,1,3.35530674737419,5.66537083750239,12,0,15.4741935483871,10,0.177653373687065,0.177653373687065,0.586584746593821
2.6175,2,1,1,3.35916151713093,5.669235067871,12,0,15.4741935483871,10,0.179580758565436,0.179580758565436,0.586569062561991
2.62055555555556,2,1,1,3.36301588139423,5.67309889175044,12,0,15.4741935483871,10,0.181507940697117,0.181507940697117,0.586553378523003
2.62361111111111,2,1,1,3.36686984020668,5.67696230918335,12,0,15.4741935483871,10,0.183434920103309,0.183434920103309,0.586537694476859
2.62666666666667,2,1,1,3.370723393611,5.68082532021265,12,0,15.4741935483871,10,0.185361696805472,0.185361696805472,0.586522010423557
2.62972222222222,2,1,1,3.37457654164979,5.68468792488102,12,0,15.4741935483871,10,0.187288270824865,0.187288270824865,0.586506326363098
2.63277777777778,2,1,1,3.37842928436589,5.68855012323115,12,0,15.4741935483871,10,0.189214642182947,0.189214642182947,0.586490642295481
2.63583333333333,2,1,1,3.38228162180195,5.69241191530608,12,0,15.4741935483871,10,0.191140810900976,0.191140810900976,0.586474958220707
2.63888888888889,2,1,1,3.38613355400031,5.69627330114821,12,0,15.4741935483871,10,0.193066777000126,0.193066777000126,0.586459274138776
2.64194444444444,2,1,1,3.38998508100394,5.70013428080051,12,0,15.4741935483871,10,0.194992540501943,0.194992540501943,0.586443590049687
2.645,2,1,1,3.3938362028556,5.70399485430579,12,0,15.4741935483871,10,0.196918101427769,0.196918101427769,0.58642790595344
2.64805555555556,2,1,1,3.39768691959739,5.70785502170645,12,0,15.4741935483871,10,0.198843459798667,0.198843459798667,0.586412221850035
2.65111111111111,2,1,1,3.40153723127236,5.71171478304552,12,0,15.4741935483871,10,0.200768615636179,0.200768615636179,0.586396537739473
2.65416666666667,2,1,1,3.4053871379233,5.71557413836575,12,0,15.4741935483871,10,0.202693568961621,0.202693568961621,0.586380853621752
2.65722222222222,2,1,1,3.40923663959251,5.71943308770977,12,0,15.4741935483871,10,0.204618319796225,0.204618319796225,0.586365169496874
2.66027777777778,2,1,1,3.41308573632267,5.7232916311205,12,0,15.4741935483871,10,0.206542868161307,0.206542868161307,0.586349485364837
2.66333333333333,2,1,1,3.41693442815654,5.7271497686404,12,0,15.4741935483871,10,0.208467214078269,0.208467214078269,0.586333801225642
2.66638888888889,2,1,1,3.42078271513657,5.7310075003125,12,0,15.4741935483871,10,0.210391357568284,0.210391357568284,0.586318117079289
2.66944444444444,2,1,1,3.42463059730534,5.73486482617932,12,0,15.4741935483871,10,0.212315298652669,0.212315298652669,0.586302432925777
2.6725,2,1,1,3.42847807470565,5.7387217462836,12,0,15.4741935483871,10,0.214239037352826,0.214239037352826,0.586286748765107
2.67555555555556,2,1,1,3.43232514737997,5.7425782606681,12,0,15.4741935483871,10,0.216162573689985,0.216162573689985,0.586271064597279
2.67861111111111,2,1,1,3.43617181537115,5.74643436937532,12,0,15.4741935483871,10,0.218085907685577,0.218085907685577,0.586255380422292
2.68166666666667,2,1,1,3.44001807872155,5.75029007244819,12,0,15.4741935483871,10,0.220009039360775,0.220009039360775,0.586239696240146
2.68472222222222,2,1,1,3.44386393747368,5.75414536992929,12,0,15.4741935483871,10,0.221931968736811,0.221931968736811,0.586224012050841
2.68777777777778,2,1,1,3.44770939167029,5.75800026186141,12,0,15.4741935483871,10,0.223854695835115,0.223854695835115,0.586208327854377
2.69083333333333,2,1,1,3.45155444135389,5.76185474828725,12,0,15.4741935483871,10,0.225777220676918,0.225777220676918,0.586192643650755
2.69388888888889,2,1,1,3.45539908656713,5.76570882924943,12,0,15.4741935483871,10,0.227699543283563,0.227699543283563,0.586176959439973
2.69694444444444,2,1,1,3.45924332735251,5.76956250479049,12,0,15.4741935483871,10,0.229621663676227,0.229621663676227,0.586161275222032
2.7,2,1,1,3.46308716375256,5.77341577495332,12,0,15.4741935483871,10,0.231543581876252,0.231543581876252,0.586145590996932
2.70305555555556,2,1,1,3.46693059580997,5.77726863978035,12,0,15.4741935483871,10,0.233465297904957,0.233465297904957,0.586129906764673
2.70611111111111,2,1,1,3.47077362356731,5.78112109931453,12,0,15.4741935483871,10,0.235386811783627,0.235386811783627,0.586114222525254
2.70916666666667,2,1,1,3.47461624706699,5.7849731535984,12,0,15.4741935483871,10,0.237308123533495,0.237308123533495,0.586098538278676
2.71222222222222,2,1,1,3.47845846635158,5.78882480267447,12,0,15.4741935483871,10,0.239229233175791,0.239229233175791,0.586082854024938
2.71527777777778,2,1,1,3.48230028146372,5.7926760465856,12,0,15.4741935483871,10,0.241150140731861,0.241150140731861,0.586067169764041
2.71833333333333,2,1,1,3.48614169244581,5.79652688537431,12,0,15.4741935483871,10,0.243070846222906,0.243070846222906,0.586051485495984
2.72138888888889,2,1,1,3.48998269934054,5.80037731908322,12,0,15.4741935483871,10,0.244991349670244,0.244991349670244,0.586035801220766
2.72444444444444,2,1,1,3.49382330219044,5.80422734775499,12,0,15.4741935483871,10,0.246911651095189,0.246911651095189,0.58602011693839
2.7275,2,1,1,3.49766350103801,5.80807697143251,12,0,15.4741935483871,10,0.248831750518974,0.248831750518974,0.586004432648853
2.73055555555556,2,1,1,3.5015032959256,5.81192619015792,12,0,15.4741935483871,10,0.250751647962772,0.250751647962772,0.585988748352156
2.73361111111111,2,1,1,3.50534268689586,5.81577500397418,12,0,15.4741935483871,10,0.252671343447901,0.252671343447901,0.585973064048299
2.73666666666667,2,1,1,3.50918167399146,5.81962341292387,12,0,15.4741935483871,10,0.254590836995703,0.254590836995703,0.585957379737281
2.73972222222222,2,1,1,3.51302025725465,5.82347141704946,12,0,15.4741935483871,10,0.256510128627298,0.256510128627298,0.585941695419104
2.74277777777778,2,1,1,3.51685843672806,5.82731901639369,12,0,15.4741935483871,10,0.258429218364029,0.258429218364029,0.585926011093766
2.74583333333333,2,1,1,3.52069621245425,5.8311662109993,12,0,15.4741935483871,10,0.260348106227127,0.260348106227127,0.585910326761267
2.74888888888889,2,1,1,3.52453358447571,5.83501300090859,12,0,15.4741935483871,10,0.262266792237853,0.262266792237853,0.585894642421608
2.75194444444444,2,1,1,3.52837055283476,5.83885938616436,12,0,15.4741935483871,10,0.264185276417379,0.264185276417379,0.585878958074788
2.755,2,1,1,3.53220711757393,5.84270536680918,12,0,15.4741935483871,10,0.266103558786938,0.266103558786938,0.585863273720808
2.75805555555556,2,1,1,3.53604327873586,5.84655094288559,12,0,15.4741935483871,10,0.268021639367902,0.268021639367902,0.585847589359666
2.76111111111111,2,1,1,3.53987903636289,5.85039611443625,12,0,15.4741935483871,10,0.269939518181417,0.269939518181417,0.585831904991364
2.76416666666667,2,1,1,3.54371439049754,5.85424088150342,12,0,15.4741935483871,10,0.271857195248771,0.271857195248771,0.585816220615901
2.76722222222222,2,1,1,3.54754934118233,5.85808524413005,12,0,15.4741935483871,10,0.273774670591166,0.273774670591166,0.585800536233277
2.77027777777778,2,1,1,3.55138388845967,5.86192920235862,12,0,15.4741935483871,10,0.275691944229806,0.275691944229806,0.585784851843491
2.77333333333333,2,1,1,3.55521803237212,5.86577275623165,12,0,15.4741935483871,10,0.277609016186034,0.277609016186034,0.585769167446545
2.77638888888889,2,1,1,3.55905177296194,5.86961590579165,12,0,15.4741935483871,10,0.279525886480968,0.279525886480968,0.585753483042437
2.77944444444444,2,1,1,3.56288511027168,5.87345865108131,12,0,15.4741935483871,10,0.28144255513584,0.28144255513584,0.585737798631167
2.7825,2,1,1,3.56671804434382,5.87730099214315,12,0,15.4741935483871,10,0.283359022171908,0.283359022171908,0.585722114212737
2.78555555555556,2,1,1,3.57055057522075,5.8811429290198,12,0,15.4741935483871,10,0.285275287610375,0.285275287610375,0.585706429787144
2.78861111111111,2,1,1,3.57438270294489,5.88498446175356,12,0,15.4741935483871,10,0.287191351472416,0.287191351472416,0.58569074535439
2.79166666666667,2,1,1,3.57821442755886,5.888825590387,12,0,15.4741935483871,10,0.289107213779403,0.289107213779403,0.585675060914474
2.79472222222222,2,1,1,3.58204574910491,5.89266631496275,12,0,15.4741935483871,10,0.291022874552425,0.291022874552425,0.585659376467396
2.79777777777778,2,1,1,3.58587666762554,5.89650663552334,12,0,15.4741935483871,10,0.292938333812771,0.292938333812771,0.585643692013157
2.80083333333333,2,1,1,3.589707183163,5.90034655211139,12,0,15.4741935483871,10,0.2948535915815,0.2948535915815,0.585628007551755
2.80388888888889,2,1,1,3.59353729575986,5.90418606476914,12,0,15.4741935483871,10,0.296768647879929,0.296768647879929,0.585612323083192
2.80694444444444,2,1,1,3.59736700545852,5.90802517353944,12,0,15.4741935483871,10,0.298683502729261,0.298683502729261,0.585596638607466
2.81,2,1,1,3.60119631230117,5.9118638784646,12,0,15.4741935483871,10,0.300598156150556,0.300598156150556,0.585580954124578
2.81305555555556,2,1,1,3.60502521633066,5.91570217958724,12,0,15.4741935483871,10,0.302512608165301,0.302512608165301,0.585565269634528
2.81611111111111,2,1,1,3.60885371758894,5.91954007694977,12,0,15.4741935483871,10,0.304426858794443,0.304426858794443,0.585549585137315
2.81916666666667,2,1,1,3.61268181611865,5.92337757059465,12,0,15.4741935483871,10,0.306340908059298,0.306340908059298,0.58553390063294
2.82222222222222,2,1,1,3.61650951196208,5.9272146605644,12,0,15.4741935483871,10,0.308254755981011,0.308254755981011,0.585518216121402
2.82527777777778,2,1,1,3.62033680516168,5.93105134690148,12,0,15.4741935483871,10,0.310168402580814,0.310168402580814,0.585502531602702
2.82833333333333,2,1,1,3.62416369575999,5.93488762964864,12,0,15.4741935483871,10,0.312081847879966,0.312081847879966,0.585486847076839
2.83138888888889,2,1,1,3.62799018379906,5.938723508848,12,0,15.4741935483871,10,0.313995091899528,0.313995091899528,0.585471162543813
2.83444444444444,2,1,1,3.63181626932152,5.94255898454219,12,0,15.4741935483871,10,0.315908134660759,0.315908134660759,0.585455478003624
2.8375,2,1,1,3.63564195236967,5.94639405677367,12,0,15.4741935483871,10,0.317820976184834,0.317820976184834,0.585439793456272
2.84055555555556,2,1,1,3.63946723298574,5.95022872558479,12,0,15.4741935483871,10,0.319733616492869,0.319733616492869,0.585424108901758
2.84361111111111,2,1,1,3.6432921112123,5.9540629910183,12,0,15.4741935483871,10,0.321646055606124,0.321646055606124,0.585408424340079
2.84666666666667,2,1,1,3.64711658709149,5.95789685311649,12,0,15.4741935483871,10,0.323558293545716,0.323558293545716,0.585392739771238
2.84972222222222,2,1,1,3.65094066066581,5.96173031192171,12,0,15.4741935483871,10,0.325470330332877,0.325470330332877,0.585377055195234
2.85277777777778,2,1,1,3.65476433197756,5.96556336747648,12,0,15.4741935483871,10,0.327382165988752,0.327382165988752,0.585361370612066
2.85583333333333,2,1,1,3.65858760106892,5.96939601982342,12,0,15.4741935483871,10,0.32929380053443,0.32929380053443,0.585345686021735
2.85888888888889,2,1,1,3.66241046798223,5.97322826900484,12,0,15.4741935483871,10,0.331205233991113,0.331205233991113,0.58533000142424
2.86194444444444,2,1,1,3.66623293276001,5.97706011506301,12,0,15.4741935483871,10,0.333116466380005,0.333116466380005,0.585314316819581
2.865,2,1,1,3.67005499544467,5.98089155804053,12,0,15.4741935483871,10,0.335027497722308,0.335027497722308,0.585298632207759
2.86805555555556,2,1,1,3.67387665607856,5.9847225979799,12,0,15.4741935483871,10,0.336938328039253,0.336938328039253,0.585282947588773
2.87111111111111,2,1,1,3.67769791470357,5.98855323492342,12,0,15.4741935483871,10,0.338848957351757,0.338848957351757,0.585267262962623
2.87416666666667,2,1,1,3.68151877136251,5.99238346891332,12,0,15.4741935483871,10,0.340759385681253,0.340759385681253,0.585251578329309
2.87722222222222,2,1,1,3.68533922609731,5.99621329999223,12,0,15.4741935483871,10,0.342669613048656,0.342669613048656,0.585235893688831
2.88027777777778,2,1,1,3.68915927895034,6.00004272820263,12,0,15.4741935483871,10,0.344579639475171,0.344579639475171,0.585220209041189
2.88333333333333,2,1,1,3.69297892996411,6.00387175358679,12,0,15.4741935483871,10,0.346489464982028,0.346489464982028,0.585204524386383
2.88638888888889,2,1,1,3.69679817918075,6.00770037618719,12,0,15.4741935483871,10,0.348399089590345,0.348399089590345,0.585188839724413
2.88944444444444,2,1,1,3.70061702664248,6.01152859604616,12,0,15.4741935483871,10,0.35030851332121,0.35030851332121,0.585173155055278
2.8925,2,1,1,3.70443547239159,6.01535641320629,12,0,15.4741935483871,10,0.352217736195769,0.352217736195769,0.585157470378978
2.89555555555556,2,1,1,3.70825351647056,6.01918382770987,12,0,15.4741935483871,10,0.354126758235253,0.354126758235253,0.585141785695514
2.89861111111111,2,1,1,3.71207115892156,6.02301083959907,12,0,15.4741935483871,10,0.35603557946078,0.35603557946078,0.585126101004886
2.90166666666667,2,1,1,3.71588839978682,6.02683744891635,12,0,15.4741935483871,10,0.357944199893382,0.357944199893382,0.585110416307092
2.90472222222222,2,1,1,3.71970523910858,6.0306636557043,12,0,15.4741935483871,10,0.35985261955426,0.35985261955426,0.585094731602134
2.90777777777778,2,1,1,3.72352167692918,6.03448946000515,12,0,15.4741935483871,10,0.361760838464562,0.361760838464562,0.585079046890011
2.91083333333333,2,1,1,3.72733771329109,6.03831486186112,12,0,15.4741935483871,10,0.363668856645518,0.363668856645518,0.585063362170723
2.91388888888889,2,1,1,3.73115334823626,6.04213986131469,12,0,15.4741935483871,10,0.365576674118103,0.365576674118103,0.58504767744427
2.91694444444444,2,1,1,3.73496858180698,6.04596445840821,12,0,15.4741935483871,10,0.367484290903491,0.367484290903491,0.585031992710652
2.92,2,1,1,3.7387834140456,6.04978865318401,12,0,15.4741935483871,10,0.3693917070228,0.3693917070228,0.585016307969869
2.92305555555556,2,1,1,3.74259784499424,6.05361244568434,12,0,15.4741935483871,10,0.37129892249709,0.37129892249709,0.585000623221921
2.92611111111111,2,1,1,3.74641187469524,6.05743583595194,12,0,15.4741935483871,10,0.37320593734762,0.37320593734762,0.584984938466807
2.92916666666667,2,1,1,3.75022550319079,6.0612588240287,12,0,15.4741935483871,10,0.375112751595395,0.375112751595395,0.584969253704527
2.93222222222222,2,1,1,3.75403873052301,6.06508140995709,12,0,15.4741935483871,10,0.377019365261475,0.377019365261475,0.584953568935082
2.93527777777778,2,1,1,3.75785155673435,6.06890359377957,12,0,15.4741935483871,10,0.378925778367147,0.378925778367147,0.584937884158472
2.93833333333333,2,1,1,3.76166398186695,6.07272537553831,12,0,15.4741935483871,10,0.380831990933473,0.380831990933473,0.584922199374696
2.94138888888889,2,1,1,3.76547600596302,6.07654675527561,12,0,15.4741935483871,10,0.382738002981512,0.382738002981512,0.584906514583754
2.94444444444444,2,1,1,3.76928762906471,6.08036773303394,12,0,15.4741935483871,10,0.384643814532353,0.384643814532353,0.584890829785646
2.9475,2,1,1,3.77309885121423,6.08418830885546,12,0,15.4741935483871,10,0.386549425607114,0.386549425607114,0.584875144980372
2.95055555555556,2,1,1,3.77690967245377,6.08800848278253,12,0,15.4741935483871,10,0.388454836226856,0.388454836226856,0.584859460167933
2.95361111111111,2,1,1,3.7807200928255,6.0918282548576,12,0,15.4741935483871,10,0.390360046412724,0.390360046412724,0.584843775348327
2.95666666666667,2,1,1,3.78453011237195,6.09564762512281,12,0,15.4741935483871,10,0.392265056185948,0.392265056185948,0.584828090521555
2.95972222222222,2,1,1,3.78833973113478,6.09946659362038,12,0,15.4741935483871,10,0.394169865567363,0.394169865567363,0.584812405687616
2.96277777777778,2,1,1,3.79214894915663,6.10328516039283,12,0,15.4741935483871,10,0.396074474578313,0.396074474578313,0.584796720846512
2.96583333333333,2,1,1,3.79595776647955,6.10710332548223,12,0,15.4741935483871,10,0.397978883239773,0.397978883239773,0.58478103599824
2.96888888888889,2,1,1,3.79976618314555,6.11092108893098,12,0,15.4741935483871,10,0.399883091572775,0.399883091572775,0.584765351142803
2.97194444444444,2,1,1,3.80357419919687,6.11473845078109,12,0,15.4741935483871,10,0.401787099598437,0.401787099598437,0.584749666280199
2.975,2,1,1,3.80738181467564,6.11855541107508,12,0,15.4741935483871,10,0.40369090733779,0.40369090733779,0.584733981410428
2.97805555555556,2,1,1,3.81118902962407,6.12237196985512,12,0,15.4741935483871,10,0.405594514812037,0.405594514812037,0.58471829653349
2.98111111111111,2,1,1,3.81499584408431,6.12618812716363,12,0,15.4741935483871,10,0.407497922042154,0.407497922042154,0.584702611649386
2.98416666666667,2,1,1,3.81880225809846,6.13000388304295,12,0,15.4741935483871,10,0.409401129049201,0.409401129049201,0.584686926758114
2.98722222222222,2,1,1,3.82260827170876,6.13381923753502,12,0,15.4741935483871,10,0.41130413585438,0.41130413585438,0.584671241859676
2.99027777777778,2,1,1,3.82641388495756,6.13763419068198,12,0,15.4741935483871,10,0.41320694247878,0.41320694247878,0.58465555695407
2.99333333333333,2,1,1,3.83021909788664,6.14144874252656,12,0,15.4741935483871,10,0.415109548943292,0.415109548943292,0.584639872041298
2.99638888888889,2,1,1,3.83402391053812,6.14526289311078,12,0,15.4741935483871,10,0.417011955269032,0.417011955269032,0.584624187121358
2.99944444444444,2,1,1,3.83782832295446,6.1490766424767,12,0,15.4741935483871,10,0.418914161477204,0.418914161477204,0.58460850219425
3.0025,2,1,1,3.84163233517751,6.15288999066667,12,0,15.4741935483871,10,0.420816167588725,0.420816167588725,0.584592817259975
3.00555555555556,2,1,1,3.84543594724943,6.15670293772297,12,0,15.4741935483871,10,0.422717973624714,0.422717973624714,0.584577132318533
3.00861111111111,2,1,1,3.84923915921235,6.16051548368779,12,0,15.4741935483871,10,0.424619579606144,0.424619579606144,0.584561447369923
3.01166666666667,2,1,1,3.85304197110838,6.16432762860325,12,0,15.4741935483871,10,0.426520985554191,0.426520985554191,0.584545762414145
3.01472222222222,2,1,1,3.85684438298,6.16813937251163,12,0,15.4741935483871,10,0.42842219149,0.42842219149,0.5845300774512
3.01777777777778,2,1,1,3.86064639486887,6.17195071545524,12,0,15.4741935483871,10,0.430323197434404,0.430323197434404,0.584514392481088
3.02083333333333,2,1,1,3.8644480068171,6.17576165747613,12,0,15.4741935483871,10,0.432224003408521,0.432224003408521,0.584498707503808
3.02388888888889,2,1,1,3.86824921886705,6.17957219861648,12,0,15.4741935483871,10,0.434124609433496,0.434124609433496,0.58448302251936
3.02694444444444,2,1,1,3.87205003106061,6.1833823389187,12,0,15.4741935483871,10,0.436025015530277,0.436025015530277,0.584467337527744
3.03,2,1,1,3.87585044343967,6.18719207842474,12,0,15.4741935483871,10,0.437925221719809,0.437925221719809,0.58445165252896
3.03305555555556,2,1,1,3.87965045604682,6.19100141717689,12,0,15.4741935483871,10,0.439825228023409,0.439825228023409,0.584435967523007
3.03611111111111,2,1,1,3.88345006892354,6.19481035521727,12,0,15.4741935483871,10,0.441725034461768,0.441725034461768,0.584420282509886
3.03916666666667,2,1,1,3.88724928211246,6.19861889258823,12,0,15.4741935483871,10,0.443624641056232,0.443624641056232,0.584404597489597
3.04222222222222,2,1,1,3.89104809565544,6.20242702933183,12,0,15.4741935483871,10,0.445524047827718,0.445524047827718,0.58438891246214
3.04527777777778,2,1,1,3.89484650959446,6.20623476549014,12,0,15.4741935483871,10,0.447423254797201,0.447423254797201,0.584373227427513
3.04833333333333,2,1,1,3.89864452397143,6.21004210110544,12,0,15.4741935483871,10,0.449322261985685,0.449322261985685,0.584357542385719
3.05138888888889,2,1,1,3.90244213882869,6.21384903621998,12,0,15.4741935483871,10,0.451221069414316,0.451221069414316,0.584341857336755
3.05444444444444,2,1,1,3.90623935420825,6.21765557087576,12,0,15.4741935483871,10,0.453119677104098,0.453119677104098,0.584326172280623
3.0575,2,1,1,3.91003617015213,6.2214617051149,12,0,15.4741935483871,10,0.455018085076034,0.455018085076034,0.584310487217322
3.06055555555556,2,1,1,3.91383258670231,6.22526743897964,12,0,15.4741935483871,10,0.456916293351156,0.456916293351156,0.584294802146852
3.06361111111111,2,1,1,3.91762860390094,6.22907277251198,12,0,15.4741935483871,10,0.458814301950468,0.458814301950468,0.584279117069212
3.06666666666667,2,1,1,3.92142422179001,6.23287770575416,12,0,15.4741935483871,10,0.460712110895003,0.460712110895003,0.584263431984404
3.06972222222222,2,1,1,3.92521944041158,6.23668223874853,12,0,15.4741935483871,10,0.462609720205791,0.462609720205791,0.584247746892427
3.07277777777778,2,1,1,3.92901425980762,6.2404863715368,12,0,15.4741935483871,10,0.46450712990378,0.46450712990378,0.58423206179328
3.07583333333333,2,1,1,3.93280868002023,6.24429010416134,12,0,15.4741935483871,10,0.466404340010115,0.466404340010115,0.584216376686964
3.07888888888889,2,1,1,3.93660270109103,6.24809343666425,12,0,15.4741935483871,10,0.468301350545488,0.468301350545488,0.584200691573478
3.08194444444444,2,1,1,3.94039632306232,6.25189636908755,12,0,15.4741935483871,10,0.47019816153113,0.47019816153113,0.584185006452823
3.085,2,1,1,3.94418954597626,6.25569890147358,12,0,15.4741935483871,10,0.4720947729881,0.4720947729881,0.584169321324998
3.08805555555556,2,1,1,3.94798236987475,6.2595010338643,12,0,15.4741935483871,10,0.473991184937375,0.473991184937375,0.584153636190004
3.09111111111111,2,1,1,3.9517747947998,6.26330276630159,12,0,15.4741935483871,10,0.475887397399902,0.475887397399902,0.58413795104784
3.09416666666667,2,1,1,3.95556682079331,6.26710409882799,12,0,15.4741935483871,10,0.477783410396654,0.477783410396654,0.584122265898506
3.09722222222222,2,1,1,3.95935844789727,6.2709050314852,12,0,15.4741935483871,10,0.479679223948608,0.479679223948608,0.584106580742002
3.10027777777778,2,1,1,3.96314967615365,6.27470556431558,12,0,15.4741935483871,10,0.481574838076796,0.481574838076796,0.584090895578328
3.10333333333333,2,1,1,3.96694050560467,6.27850569736103,12,0,15.4741935483871,10,0.483470252802306,0.483470252802306,0.584075210407484
3.10638888888889,2,1,1,3.97073093629194,6.28230543066365,12,0,15.4741935483871,10,0.485365468145943,0.485365468145943,0.584059525229469
3.10944444444444,2,1,1,3.97452096825776,6.28610476426564,12,0,15.4741935483871,10,0.487260484128853,0.487260484128853,0.584043840044285
3.1125,2,1,1,3.97831060154385,6.28990369820912,12,0,15.4741935483871,10,0.489155300771898,0.489155300771898,0.58402815485193
3.11555555555556,2,1,1,3.98209983619233,6.29370223253579,12,0,15.4741935483871,10,0.491049918096166,0.491049918096166,0.584012469652405
3.11861111111111,2,1,1,3.98588867224498,6.29750036728791,12,0,15.4741935483871,10,0.492944336122463,0.492944336122463,0.583996784445709
3.12166666666667,2,1,1,3.98967710974398,6.30129810250764,12,0,15.4741935483871,10,0.49483855487199,0.49483855487199,0.583981099231843
3.12472222222222,2,1,1,3.9934651487311,6.30509543823695,12,0,15.4741935483871,10,0.496732574365552,0.496732574365552,0.583965414010806
3.12777777777778,2,1,1,3.99725278924842,6.30889237451794,12,0,15.4741935483871,10,0.49862639462421,0.49862639462421,0.583949728782598
3.13083333333333,2,1,1,4.00104003133765,6.31268891139257,12,0,15.4741935483871,10,0.500520015668798,0.500520015668798,0.58393404354722
3.13388888888889,2,1,1,4.00482687504109,6.31648504890296,12,0,15.4741935483871,10,0.502413437520516,0.502413437520516,0.58391835830467
3.13694444444444,2,1,1,4.0086133204004,6.32028078709101,12,0,15.4741935483871,10,0.504306660200172,0.504306660200172,0.58390267305495
3.14,2,1,1,4.01239936745736,6.32407612599883,12,0,15.4741935483871,10,0.506199683728653,0.506199683728653,0.583886987798059
3.14305555555556,2,1,1,4.01618501625433,6.32787106566843,12,0,15.4741935483871,10,0.508092508127135,0.508092508127135,0.583871302533996
3.14611111111111,2,1,1,4.0199702668329,6.33166560614188,12,0,15.4741935483871,10,0.50998513341645,0.50998513341645,0.583855617262762
3.14916666666667,2,1,1,4.02375511923509,6.33545974746119,12,0,15.4741935483871,10,0.511877559617545,0.511877559617545,0.583839931984357
3.15222222222222,2,1,1,4.02753957350291,6.33925348966841,12,0,15.4741935483871,10,0.513769786751453,0.513769786751453,0.583824246698781
3.15527777777778,2,1,1,4.03132362967807,6.3430468328055,12,0,15.4741935483871,10,0.515661814839007,0.515661814839007,0.583808561406033
3.15833333333333,2,1,1,4.0351072878027,6.34683977691429,12,0,15.4741935483871,10,0.517553643901351,0.517553643901351,0.583792876106113
3.16138888888889,2,1,1,4.03889054791853,6.35063232203703,12,0,15.4741935483871,10,0.519445273959263,0.519445273959263,0.583777190799022
3.16444444444444,2,1,1,4.04267341006755,6.35442446821571,12,0,15.4741935483871,10,0.521336705033747,0.521336705033747,0.583761505484759
3.1675,2,1,1,4.04645587429138,6.35821621549223,12,0,15.4741935483871,10,0.523227937145663,0.523227937145663,0.583745820163325
3.17055555555556,2,1,1,4.05023794063214,6.36200756390855,12,0,15.4741935483871,10,0.525118970316043,0.525118970316043,0.583730134834719
3.17361111111111,2,1,1,4.05401960913161,6.3657985135066,12,0,15.4741935483871,10,0.527009804565779,0.527009804565779,0.58371444949894
3.17666666666667,2,1,1,4.0578008798318,6.36958906432852,12,0,15.4741935483871,10,0.528900439915901,0.528900439915901,0.58369876415599
3.17972222222222,2,1,1,4.06158175277437,6.37337921641608,12,0,15.4741935483871,10,0.530790876387186,0.530790876387186,0.583683078805867
3.18277777777778,2,1,1,4.06536222800139,6.37716896981141,12,0,15.4741935483871,10,0.532681114000695,0.532681114000695,0.583667393448572
3.18583333333333,2,1,1,4.06914230555452,6.38095832455645,12,0,15.4741935483871,10,0.534571152777261,0.534571152777261,0.583651708084106
3.18888888888889,2,1,1,4.07292198547594,6.38474728069315,12,0,15.4741935483871,10,0.536460992737972,0.536460992737972,0.583636022712466
3.19194444444444,2,1,1,4.07670126780727,6.38853583826341,12,0,15.4741935483871,10,0.538350633903633,0.538350633903633,0.583620337333655
3.195,2,1,1,4.08048015259033,6.39232399730918,12,0,15.4741935483871,10,0.540240076295134,0.540240076295134,0.58360465194767
3.19805555555556,2,1,1,4.08425863986707,6.39611175787257,12,0,15.4741935483871,10,0.542129319933537,0.542129319933537,0.583588966554514
3.20111111111111,2,1,1,4.08803672967912,6.39989911999533,12,0,15.4741935483871,10,0.54401836483953,0.54401836483953,0.583573281154184
3.20416666666667,2,1,1,4.09181442206852,6.40368608371949,12,0,15.4741935483871,10,0.545907211034233,0.545907211034233,0.583557595746682
3.20722222222222,2,1,1,4.09559171707713,6.4074726490868,12,0,15.4741935483871,10,0.547795858538535,0.547795858538535,0.583541910332007
3.21027777777778,2,1,1,4.09936861474648,6.41125881613942,12,0,15.4741935483871,10,0.549684307373212,0.549684307373212,0.583526224910159
3.21333333333333,2,1,1,4.10314511511893,6.41504458491926,12,0,15.4741935483871,10,0.551572557559439,0.551572557559439,0.583510539481138
3.21638888888889,2,1,1,4.1069212182357,6.4188299554682,12,0,15.4741935483871,10,0.553460609117849,0.553460609117849,0.583494854044944
3.21944444444444,2,1,1,4.11069692413889,6.42261492782796,12,0,15.4741935483871,10,0.555348462069446,0.555348462069446,0.583479168601577
3.2225,2,1,1,4.11447223287013,6.42639950204074,12,0,15.4741935483871,10,0.557236116435035,0.557236116435035,0.583463483151037
3.22555555555556,2,1,1,4.11824714447147,6.43018367814818,12,0,15.4741935483871,10,0.559123572235734,0.559123572235734,0.583447797693323
3.22861111111111,2,1,1,4.12202165898469,6.43396745619248,12,0,15.4741935483871,10,0.561010829492346,0.561010829492346,0.583432112228436
3.23166666666667,2,1,1,4.12579577645158,6.43775083621534,12,0,15.4741935483871,10,0.562897888225791,0.562897888225791,0.583416426756375
3.23472222222222,2,1,1,4.1295694969138,6.44153381825873,12,0,15.4741935483871,10,0.564784748456901,0.564784748456901,0.583400741277141
3.23777777777778,2,1,1,4.13334282041302,6.44531640236454,12,0,15.4741935483871,10,0.56667141020651,0.56667141020651,0.583385055790733
3.24083333333333,2,1,1,4.1371157469913,6.44909858857432,12,0,15.4741935483871,10,0.568557873495621,0.568557873495621,0.583369370297152
3.24388888888889,2,1,1,4.1408882766903,6.45288037693052,12,0,15.4741935483871,10,0.570444138345124,0.570444138345124,0.583353684796397
3.24694444444444,2,1,1,4.14466040955188,6.45666176747466,12,0,15.4741935483871,10,0.572330204775909,0.572330204775909,0.583337999288467
3.25,2,1,1,4.14843214561756,6.46044276024872,12,0,15.4741935483871,10,0.574216072808753,0.574216072808753,0.583322313773364
3.25305555555556,2,1,1,4.15220348492937,6.46422335529451,12,0,15.4741935483871,10,0.576101742464658,0.576101742464658,0.583306628251087
3.25611111111111,2,1,1,4.15597442752897,6.4680035526539,12,0,15.4741935483871,10,0.577987213764459,0.577987213764459,0.583290942721636
3.25916666666667,2,1,1,4.15974497345809,6.47178335236873,12,0,15.4741935483871,10,0.579872486729045,0.579872486729045,0.58327525718501
3.26222222222222,2,1,1,4.16351512275838,6.47556275448085,12,0,15.4741935483871,10,0.581757561379192,0.581757561379192,0.583259571641211
3.26527777777778,2,1,1,4.16728487547192,6.47934175903208,12,0,15.4741935483871,10,0.583642437735961,0.583642437735961,0.583243886090237
3.26833333333333,2,1,1,4.17105423164008,6.4831203660645,12,0,15.4741935483871,10,0.585527115820042,0.585527115820042,0.583228200532088
3.27138888888889,2,1,1,4.17482319130488,6.48689857561953,12,0,15.4741935483871,10,0.587411595652412,0.587411595652412,0.583212514966765
3.27444444444444,2,1,1,4.17859175450792,6.49067638773943,12,0,15.4741935483871,10,0.58929587725396,0.58929587725396,0.583196829394268
3.2775,2,1,1,4.18235992129104,6.49445380246578,12,0,15.4741935483871,10,0.591179960645519,0.591179960645519,0.583181143814596
3.28055555555556,2,1,1,4.18612769169556,6.49823081984056,12,0,15.4741935483871,10,0.593063845847752,0.593063845847752,0.583165458227749
3.28361111111111,2,1,1,4.18989506576355,6.50200743990547,12,0,15.4741935483871,10,0.594947532881775,0.594947532881775,0.583149772633727
3.28666666666667,2,1,1,4.19366204353673,6.50578366270236,12,0,15.4741935483871,10,0.596831021768338,0.596831021768338,0.58313408703253
3.28972222222222,2,1,1,4.19742862505672,6.50955948827294,12,0,15.4741935483871,10,0.598714312528358,0.598714312528358,0.583118401424159
3.29277777777778,2,1,1,4.20119481036522,6.51333491665929,12,0,15.4741935483871,10,0.600597405182583,0.600597405182583,0.583102715808612
3.29583333333333,2,1,1,4.20496059950398,6.51710994790301,12,0,15.4741935483871,10,0.60248029975196,0.60248029975196,0.58308703018589
3.29888888888889,2,1,1,4.20872599251476,6.52088458204605,12,0,15.4741935483871,10,0.60436299625735,0.60436299625735,0.583071344555993
3.30194444444444,2,1,1,4.21249098943923,6.52465881912985,12,0,15.4741935483871,10,0.606245494719587,0.606245494719587,0.58305565891892
3.305,2,1,1,4.21625559031889,6.52843265919637,12,0,15.4741935483871,10,0.608127795159419,0.608127795159419,0.583039973274672
3.30805555555556,2,1,1,4.22001979519575,6.5322061022876,12,0,15.4741935483871,10,0.610009897597848,0.610009897597848,0.583024287623249
3.31111111111111,2,1,1,4.22378360411119,6.53597914844511,12,0,15.4741935483871,10,0.611891802055595,0.611891802055595,0.58300860196465
3.31416666666667,2,1,1,4.22754701710699,6.53975179771095,12,0,15.4741935483871,10,0.613773508553493,0.613773508553493,0.582992916298876
3.31722222222222,2,1,1,4.2313100342248,6.54352405012656,12,0,15.4741935483871,10,0.615655017112402,0.615655017112402,0.582977230625926
3.32027777777778,2,1,1,4.23507265550631,6.54729590573396,12,0,15.4741935483871,10,0.617536327753157,0.617536327753157,0.5829615449458
3.32333333333333,2,1,1,4.23883488099329,6.55106736457475,12,0,15.4741935483871,10,0.619417440496647,0.619417440496647,0.582945859258498
3.32638888888889,2,1,1,4.24259671072707,6.55483842669076,12,0,15.4741935483871,10,0.621298355363507,0.621298355363507,0.582930173564021
3.32944444444444,2,1,1,4.24635814474976,6.55860909212379,12,0,15.4741935483871,10,0.623179072374882,0.623179072374882,0.582914487862367
3.3325,2,1,1,4.25011918310253,6.56237936091549,12,0,15.4741935483871,10,0.625059591551263,0.625059591551263,0.582898802153537
3.33555555555556,2,1,1,4.25387982582743,6.56614923310752,12,0,15.4741935483871,10,0.626939912913684,0.626939912913684,0.582883116437531
3.33861111111111,2,1,1,4.25764007296596,6.56991870874185,12,0,15.4741935483871,10,0.628820036482949,0.628820036482949,0.582867430714349
3.34166666666667,2,1,1,4.26139992455961,6.57368778786002,12,0,15.4741935483871,10,0.630699962279778,0.630699962279778,0.58285174498399
3.34472222222222,2,1,1,4.26515938065012,6.57745647050405,12,0,15.4741935483871,10,0.632579690325031,0.632579690325031,0.582836059246455
3.34777777777778,2,1,1,4.26891844127908,6.58122475671541,12,0,15.4741935483871,10,0.634459220639513,0.634459220639513,0.582820373501744
3.35083333333333,2,1,1,4.27267710648829,6.5849926465358,12,0,15.4741935483871,10,0.636338553244116,0.636338553244116,0.582804687749856
3.35388888888889,2,1,1,4.27643537631928,6.5887601400072,12,0,15.4741935483871,10,0.638217688159614,0.638217688159614,0.582789001990791
3.35694444444444,2,1,1,4.28019325081345,6.59252723717105,12,0,15.4741935483871,10,0.640096625406699,0.640096625406699,0.58277331622455
3.36,2,1,1,4.28395073001252,6.59629393806927,12,0,15.4741935483871,10,0.641975365006232,0.641975365006232,0.582757630451132
3.36305555555556,2,1,1,4.28770781395838,6.60006024274344,12,0,15.4741935483871,10,0.64385390697916,0.64385390697916,0.582741944670537
3.36611111111111,2,1,1,4.29146450269241,6.60382615123518,12,0,15.4741935483871,10,0.645732251346175,0.645732251346175,0.582726258882765
3.36916666666667,2,1,1,4.29522079625605,6.6075916635865,12,0,15.4741935483871,10,0.647610398128023,0.647610398128023,0.582710573087816
3.37222222222222,2,1,1,4.29897669469108,6.61135677983862,12,0,15.4741935483871,10,0.64948834734551,0.64948834734551,0.58269488728569
3.37527777777778,2,1,1,4.302732198039,6.61512150003352,12,0,15.4741935483871,10,0.651366099019498,0.651366099019498,0.582679201476386
3.37833333333333,2,1,1,4.30648730634135,6.61888582421301,12,0,15.4741935483871,10,0.653243653170676,0.653243653170676,0.582663515659906
3.38138888888889,2,1,1,4.31024201963987,6.62264975241862,12,0,15.4741935483871,10,0.655121009819936,0.655121009819936,0.582647829836248
3.38444444444444,2,1,1,4.31399633797605,6.62641328469209,12,0,15.4741935483871,10,0.656998168988025,0.656998168988025,0.582632144005412
3.3875,2,1,1,4.31775026139161,6.63017642107491,12,0,15.4741935483871,10,0.658875130695805,0.658875130695805,0.582616458167399
3.39055555555556,2,1,1,4.32150378992787,6.63393916160885,12,0,15.4741935483871,10,0.660751894963937,0.660751894963937,0.582600772322209
3.39361111111111,2,1,1,4.32525692362645,6.63770150633565,12,0,15.4741935483871,10,0.662628461813227,0.662628461813227,0.582585086469841
3.39666666666667,2,1,1,4.32900966252896,6.64146345529696,12,0,15.4741935483871,10,0.66450483126448,0.66450483126448,0.582569400610295
3.39972222222222,2,1,1,4.33276200667717,6.64522500853423,12,0,15.4741935483871,10,0.666381003338557,0.666381003338557,0.582553714743571
3.40277777777778,2,1,1,4.33651395611224,6.64898616608929,12,0,15.4741935483871,10,0.668256978056093,0.668256978056093,0.582538028869669
3.40583333333333,2,1,1,4.34026551087589,6.65274692800375,12,0,15.4741935483871,10,0.670132755437919,0.670132755437919,0.58252234298859
3.40888888888889,2,1,1,4.34401667100963,6.65650729431928,12,0,15.4741935483871,10,0.672008335504785,0.672008335504785,0.582506657100332
3.41194444444444,2,1,1,4.34776743655493,6.66026726507772,12,0,15.4741935483871,10,0.673883718277438,0.673883718277438,0.582490971204896
3.415,2,1,1,4.35151780755342,6.66402684032033,12,0,15.4741935483871,10,0.675758903776682,0.675758903776682,0.582475285302282
3.41805555555556,2,1,1,4.35526778404659,6.66778602008884,12,0,15.4741935483871,10,0.677633892023266,0.677633892023266,0.58245959939249
3.42111111111111,2,1,1,4.35901736607622,6.67154480442503,12,0,15.4741935483871,10,0.67950868303808,0.67950868303808,0.582443913475519
3.42416666666667,2,1,1,4.3627665536834,6.67530319337021,12,0,15.4741935483871,10,0.681383276841672,0.681383276841672,0.58242822755137
3.42722222222222,2,1,1,4.36651534690998,6.67906118696629,12,0,15.4741935483871,10,0.68325767345496,0.68325767345496,0.582412541620042
3.43027777777778,2,1,1,4.37026374579705,6.68281878525494,12,0,15.4741935483871,10,0.685131872898495,0.685131872898495,0.582396855681536
3.43333333333333,2,1,1,4.37401175038639,6.68657598827758,12,0,15.4741935483871,10,0.687005875193165,0.687005875193165,0.582381169735851
3.43638888888889,2,1,1,4.37775936071966,6.69033279607578,12,0,15.4741935483871,10,0.688879680359804,0.688879680359804,0.582365483782987
3.43944444444444,2,1,1,4.38150657683809,6.6940892086912,12,0,15.4741935483871,10,0.690753288419046,0.690753288419046,0.582349797822944
3.4425,2,1,1,4.38525339878328,6.69784522616544,12,0,15.4741935483871,10,0.692626699391639,0.692626699391639,0.582334111855723
3.44555555555556,2,1,1,4.3889998265966,6.70160084853995,12,0,15.4741935483871,10,0.694499913298273,0.694499913298273,0.582318425881322
3.44861111111111,2,1,1,4.39274586031974,6.70535607585651,12,0,15.4741935483871,10,0.696372930159868,0.696372930159868,0.582302739899742
3.45166666666667,2,1,1,4.39649149999417,6.70911090815662,12,0,15.4741935483871,10,0.698245749997056,0.698245749997056,0.582287053910983
3.45472222222222,2,1,1,4.40023674566118,6.71286534548199,12,0,15.4741935483871,10,0.700118372830588,0.700118372830588,0.582271367915045
3.45777777777778,2,1,1,4.40398159736247,6.716619387874,12,0,15.4741935483871,10,0.701990798681209,0.701990798681209,0.582255681911928
3.46083333333333,2,1,1,4.40772605513916,6.72037303537445,12,0,15.4741935483871,10,0.703863027569554,0.703863027569554,0.582239995901631
3.46388888888889,2,1,1,4.41147011903297,6.72412628802465,12,0,15.4741935483871,10,0.705735059516485,0.705735059516485,0.582224309884155
3.46694444444444,2,1,1,4.41521378908539,6.72787914586627,12,0,15.4741935483871,10,0.707606894542693,0.707606894542693,0.582208623859499
3.47,2,1,1,4.41895706533779,6.73163160894075,12,0,15.4741935483871,10,0.709478532668896,0.709478532668896,0.582192937827664
3.47305555555556,2,1,1,4.42269994783157,6.73538367728986,12,0,15.4741935483871,10,0.711349973915787,0.711349973915787,0.582177251788649
3.47611111111111,2,1,1,4.426442436608,6.739135350955,12,0,15.4741935483871,10,0.713221218304,0.713221218304,0.582161565742454
3.47916666666667,2,1,1,4.43018453170879,6.7428866299777,12,0,15.4741935483871,10,0.715092265854395,0.715092265854395,0.582145879689079
3.48222222222222,2,1,1,4.43392623317527,6.74663751439954,12,0,15.4741935483871,10,0.716963116587635,0.716963116587635,0.582130193628524
3.48527777777778,2,1,1,4.43766754104888,6.75038800426211,12,0,15.4741935483871,10,0.718833770524412,0.718833770524412,0.58211450756079
3.48833333333333,2,1,1,4.44140845537123,6.75413809960668,12,0,15.4741935483871,10,0.720704227685616,0.720704227685616,0.582098821485874
3.49138888888889,2,1,1,4.44514897618353,6.75788780047503,12,0,15.4741935483871,10,0.722574488091766,0.722574488091766,0.58208313540378
3.49444444444444,2,1,1,4.44888910352716,6.76163710690867,12,0,15.4741935483871,10,0.724444551763582,0.724444551763582,0.582067449314504
3.4975,2,1,1,4.4526288374438,6.76538601894902,12,0,15.4741935483871,10,0.726314418721898,0.726314418721898,0.582051763218049
3.50055555555556,2,1,1,4.45636817797447,6.76913453663769,12,0,15.4741935483871,10,0.728184088987206,0.728184088987206,0.582036077114413
3.50361111111111,2,1,1,4.46010712516102,6.77288266001597,12,0,15.4741935483871,10,0.73005356258048,0.73005356258048,0.582020391003596
3.50666666666667,2,1,1,4.46384567904443,6.7766303891255,12,0,15.4741935483871,10,0.731922839522184,0.731922839522184,0.582004704885599
3.50972222222222,2,1,1,4.4675838396663,6.78037772400785,12,0,15.4741935483871,10,0.733791919833124,0.733791919833124,0.581989018760421
3.51277777777778,2,1,1,4.47132160706809,6.78412466470451,12,0,15.4741935483871,10,0.735660803534017,0.735660803534017,0.581973332628063
3.51583333333333,2,1,1,4.475058981291,6.78787121125686,12,0,15.4741935483871,10,0.737529490645471,0.737529490645471,0.581957646488524
3.51888888888889,2,1,1,4.47879596237658,6.79161736370628,12,0,15.4741935483871,10,0.73939798118829,0.73939798118829,0.581941960341804
3.52194444444444,2,1,1,4.48253255036593,6.79536312209439,12,0,15.4741935483871,10,0.741266275182937,0.741266275182937,0.581926274187903
3.525,2,1,1,4.48626874530072,6.79910848646261,12,0,15.4741935483871,10,0.743134372650331,0.743134372650331,0.581910588026821
3.52805555555556,2,1,1,4.49000454722216,6.80285345685269,12,0,15.4741935483871,10,0.74500227361105,0.74500227361105,0.581894901858558
3.53111111111111,2,1,1,4.49373995617179,6.80659803330582,12,0,15.4741935483871,10,0.746869978085869,0.746869978085869,0.581879215683114
3.53416666666667,2,1,1,4.49747497219079,6.81034221586361,12,0,15.4741935483871,10,0.748737486095365,0.748737486095365,0.581863529500489
3.53722222222222,2,1,1,4.50120959532069,6.81408600456729,12,0,15.4741935483871,10,0.750604797660316,0.750604797660316,0.581847843310683
3.54027777777778,2,1,1,4.50494382560265,6.8178293994585,12,0,15.4741935483871,10,0.752471912801298,0.752471912801298,0.581832157113695
3.54333333333333,2,1,1,4.50867766307812,6.82157240057859,12,0,15.4741935483871,10,0.75433883153903,0.75433883153903,0.581816470909526
3.54638888888889,2,1,1,4.51241110778824,6.82531500796898,12,0,15.4741935483871,10,0.756205553894091,0.756205553894091,0.581800784698175
3.54944444444444,2,1,1,4.51614415977451,6.82905722167123,12,0,15.4741935483871,10,0.758072079887228,0.758072079887228,0.581785098479643
3.5525,2,1,1,4.51987681907843,6.83279904172684,12,0,15.4741935483871,10,0.759938409539188,0.759938409539188,0.581769412253929
3.55555555555556,2,1,1,4.52360908574127,6.83654046817691,12,0,15.4741935483871,10,0.761804542870607,0.761804542870607,0.581753726021033
3.55861111111111,2,1,1,4.52734095980423,6.84028150106315,12,0,15.4741935483871,10,0.763670479902089,0.763670479902089,0.581738039780955
3.56166666666667,2,1,1,4.53107244130859,6.84402214042689,12,0,15.4741935483871,10,0.765536220654269,0.765536220654269,0.581722353533695
3.56472222222222,2,1,1,4.53480353029579,6.84776238630974,12,0,15.4741935483871,10,0.767401765147866,0.767401765147866,0.581706667279253
3.56777777777778,2,1,1,4.53853422680697,6.85150223875297,12,0,15.4741935483871,10,0.769267113403458,0.769267113403458,0.581690981017629
3.57083333333333,2,1,1,4.54226453088364,6.85524169779779,12,0,15.4741935483871,10,0.771132265441793,0.771132265441793,0.581675294748823
3.57388888888889,2,1,1,4.54599444256706,6.85898076348565,12,0,15.4741935483871,10,0.772997221283504,0.772997221283504,0.581659608472834
3.57694444444444,2,1,1,4.54972396189845,6.8627194358582,12,0,15.4741935483871,10,0.774861980949197,0.774861980949197,0.581643922189664
3.58,2,1,1,4.55345308891918,6.86645771495665,12,0,15.4741935483871,10,0.776726544459564,0.776726544459564,0.58162823589931
3.58305555555556,2,1,1,4.55718182367042,6.87019560082246,12,0,15.4741935483871,10,0.778590911835181,0.778590911835181,0.581612549601775
3.58611111111111,2,1,1,4.56091016619365,6.87393309349687,12,0,15.4741935483871,10,0.780455083096797,0.780455083096797,0.581596863297056
3.58916666666667,2,1,1,4.56463811653003,6.87767019302169,12,0,15.4741935483871,10,0.782319058264989,0.782319058264989,0.581581176985155
3.59222222222222,2,1,1,4.56836567472095,6.88140689943788,12,0,15.4741935483871,10,0.784182837360447,0.784182837360447,0.581565490666071
3.59527777777778,2,1,1,4.57209284080739,6.88514321278683,12,0,15.4741935483871,10,0.786046420403665,0.786046420403665,0.581549804339805
3.59833333333333,2,1,1,4.57581961483089,6.88887913311009,12,0,15.4741935483871,10,0.787909807415417,0.787909807415417,0.581534118006355
3.60138888888889,2,1,1,4.57954599683251,6.89261466044894,12,0,15.4741935483871,10,0.789772998416225,0.789772998416225,0.581518431665723
3.60444444444444,2,1,1,4.58327198685373,6.89634979484481,12,0,15.4741935483871,10,0.791635993426837,0.791635993426837,0.581502745317907
3.6075,2,1,1,4.58699758493577,6.90008453633914,12,0,15.4741935483871,10,0.793498792467858,0.793498792467858,0.581487058962908
3.61055555555556,2,1,1,4.59072279111973,6.90381888497302,12,0,15.4741935483871,10,0.795361395559837,0.795361395559837,0.581471372600727
3.61361111111111,2,1,1,4.59444760544704,6.90755284078796,12,0,15.4741935483871,10,0.797223802723494,0.797223802723494,0.581455686231361
3.61666666666667,2,1,1,4.59817202795881,6.91128640382544,12,0,15.4741935483871,10,0.799086013979377,0.799086013979377,0.581439999854813
3.61972222222222,2,1,1,4.60189605869618,6.9150195741264,12,0,15.4741935483871,10,0.800948029348064,0.800948029348064,0.581424313471081
3.62277777777778,2,1,1,4.6056196977006,6.91875235173245,12,0,15.4741935483871,10,0.802809848850274,0.802809848850274,0.581408627080165
3.62583333333333,2,1,1,4.60934294501334,6.92248473668485,12,0,15.4741935483871,10,0.804671472506641,0.804671472506641,0.581392940682066
3.62888888888889,2,1,1,4.61306580067537,6.9262167290251,12,0,15.4741935483871,10,0.806532900337658,0.806532900337658,0.581377254276783
3.63194444444444,2,1,1,4.61678826472803,6.92994832879441,12,0,15.4741935483871,10,0.808394132363986,0.808394132363986,0.581361567864317
3.635,2,1,1,4.62051033721264,6.93367953603382,12,0,15.4741935483871,10,0.81025516860629,0.81025516860629,0.581345881444667
3.63805555555556,2,1,1,4.62423201817029,6.937410350785,12,0,15.4741935483871,10,0.812116009085116,0.812116009085116,0.581330195017832
3.64111111111111,2,1,1,4.62795330764226,6.94114077308916,12,0,15.4741935483871,10,0.813976653821101,0.813976653821101,0.581314508583814
3.64416666666667,2,1,1,4.6316742056697,6.94487080298757,12,0,15.4741935483871,10,0.81583710283482,0.81583710283482,0.581298822142612
3.64722222222222,2,1,1,4.63539471229376,6.94860044052149,12,0,15.4741935483871,10,0.817697356146851,0.817697356146851,0.581283135694226
3.65027777777778,2,1,1,4.63911482755566,6.95232968573254,12,0,15.4741935483871,10,0.819557413777801,0.819557413777801,0.581267449238655
3.65333333333333,2,1,1,4.64283455149661,6.95605853866147,12,0,15.4741935483871,10,0.821417275748274,0.821417275748274,0.5812517627759
3.65638888888889,2,1,1,4.64655388415781,6.95978699934994,12,0,15.4741935483871,10,0.823276942078905,0.823276942078905,0.581236076305961
3.65944444444444,2,1,1,4.65027282558054,6.9635150678393,12,0,15.4741935483871,10,0.825136412790243,0.825136412790243,0.581220389828837
3.6625,2,1,1,4.65399137580579,6.96724274417033,12,0,15.4741935483871,10,0.826995687902865,0.826995687902865,0.581204703344529
3.66555555555556,2,1,1,4.65770953487493,6.97097002838473,12,0,15.4741935483871,10,0.828854767437434,0.828854767437434,0.581189016853036
3.66861111111111,2,1,1,4.66142730282894,6.9746969205238,12,0,15.4741935483871,10,0.830713651414442,0.830713651414442,0.581173330354359
3.67166666666667,2,1,1,4.6651446797091,6.97842342062847,12,0,15.4741935483871,10,0.832572339854551,0.832572339854551,0.581157643848496
3.67472222222222,2,1,1,4.66886166555639,6.98214952874031,12,0,15.4741935483871,10,0.834430832778168,0.834430832778168,0.581141957335449
3.67777777777778,2,1,1,4.67257826041225,6.98587524490057,12,0,15.4741935483871,10,0.836289130206126,0.836289130206126,0.581126270815217
3.68083333333333,2,1,1,4.67629446431761,6.9896005691503,12,0,15.4741935483871,10,0.838147232158803,0.838147232158803,0.5811105842878
3.68388888888889,2,1,1,4.68001027731367,6.99332550153088,12,0,15.4741935483871,10,0.840005138656835,0.840005138656835,0.581094897753198
3.68694444444444,2,1,1,4.6837256994416,6.99705004208369,12,0,15.4741935483871,10,0.841862849720769,0.841862849720769,0.581079211211411
3.69,2,1,1,4.68744073074271,7.00077419084954,12,0,15.4741935483871,10,0.843720365371354,0.843720365371354,0.581063524662439
3.69305555555556,2,1,1,4.69115537125776,7.00449794787016,12,0,15.4741935483871,10,0.845577685628854,0.845577685628854,0.581047838106281
3.69611111111111,2,1,1,4.69486962102803,7.00822131318643,12,0,15.4741935483871,10,0.847434810513988,0.847434810513988,0.581032151542938
3.69916666666667,2,1,1,4.69858348009478,7.01194428683971,12,0,15.4741935483871,10,0.849291740047363,0.849291740047363,0.58101646497241
3.70222222222222,2,1,1,4.70229694849911,7.01566686887134,12,0,15.4741935483871,10,0.851148474249555,0.851148474249555,0.581000778394696
3.70527777777778,2,1,1,4.70601002628194,7.01938905932224,12,0,15.4741935483871,10,0.853005013140944,0.853005013140944,0.580985091809797
3.70833333333333,2,1,1,4.70972271348455,7.02311085823374,12,0,15.4741935483871,10,0.854861356742248,0.854861356742248,0.580969405217711
3.71138888888889,2,1,1,4.71343501014803,7.0268322656471,12,0,15.4741935483871,10,0.856717505074016,0.856717505074016,0.58095371861844
3.71444444444444,2,1,1,4.71714691631342,7.03055328160355,12,0,15.4741935483871,10,0.858573458156712,0.858573458156712,0.580938032011984
3.7175,2,1,1,4.72085843202183,7.03427390614428,12,0,15.4741935483871,10,0.860429216010914,0.860429216010914,0.580922345398341
3.72055555555556,2,1,1,4.72456955731451,7.03799413931051,12,0,15.4741935483871,10,0.862284778657255,0.862284778657255,0.580906658777512
3.72361111111111,2,1,1,4.72828029223223,7.04171398114346,12,0,15.4741935483871,10,0.864140146116114,0.864140146116114,0.580890972149498
3.72666666666667,2,1,1,4.73199063681636,7.04543343168422,12,0,15.4741935483871,10,0.865995318408153,0.865995318408153,0.580875285514297
3.72972222222222,2,1,1,4.73570059110796,7.04915249097394,12,0,15.4741935483871,10,0.867850295553978,0.867850295553978,0.58085959887191
3.73277777777778,2,1,1,4.73941015514811,7.05287115905389,12,0,15.4741935483871,10,0.869705077574025,0.869705077574025,0.580843912222337
3.73583333333333,2,1,1,4.74311932897763,7.05658943596524,12,0,15.4741935483871,10,0.871559664488814,0.871559664488814,0.580828225565577
3.73888888888889,2,1,1,4.74682811263784,7.06030732174918,12,0,15.4741935483871,10,0.873414056318921,0.873414056318921,0.580812538901631
3.74194444444444,2,1,1,4.75053650616974,7.0640248164467,12,0,15.4741935483871,10,0.875268253084869,0.875268253084869,0.580796852230498
3.745,2,1,1,4.75424450961447,7.06774192009914,12,0,15.4741935483871,10,0.877122254807205,0.877122254807205,0.580781165552179
3.74805555555556,2,1,1,4.7579521230129,7.07145863274752,12,0,15.4741935483871,10,0.878976061506449,0.878976061506449,0.580765478866673
3.75111111111111,2,1,1,4.76165934640625,7.07517495443301,12,0,15.4741935483871,10,0.880829673203124,0.880829673203124,0.58074979217398
3.75416666666667,2,1,1,4.76536617983555,7.07889088519681,12,0,15.4741935483871,10,0.882683089917748,0.882683089917748,0.580734105474101
3.75722222222222,2,1,1,4.76907262334169,7.08260642508026,12,0,15.4741935483871,10,0.884536311670814,0.884536311670814,0.580718418767035
3.76027777777778,2,1,1,4.7727786769658,7.08632157412421,12,0,15.4741935483871,10,0.886389338482871,0.886389338482871,0.580702732052782
3.76333333333333,2,1,1,4.77648434074888,7.09003633237006,12,0,15.4741935483871,10,0.888242170374411,0.888242170374411,0.580687045331341
3.76638888888889,2,1,1,4.78018961473185,7.09375069985884,12,0,15.4741935483871,10,0.890094807365898,0.890094807365898,0.580671358602714
3.76944444444444,2,1,1,4.7838944989561,7.09746467663143,12,0,15.4741935483871,10,0.891947249478022,0.891947249478022,0.580655671866899
3.7725,2,1,1,4.78759899346244,7.10117826272915,12,0,15.4741935483871,10,0.893799496731191,0.893799496731191,0.580639985123897
3.77555555555556,2,1,1,4.79130309829185,7.10489145819321,12,0,15.4741935483871,10,0.895651549145896,0.895651549145896,0.580624298373708
3.77861111111111,2,1,1,4.79500681348543,7.10860426306448,12,0,15.4741935483871,10,0.897503406742686,0.897503406742686,0.580608611616331
3.78166666666667,2,1,1,4.79871013908405,7.11231667738429,12,0,15.4741935483871,10,0.899355069541997,0.899355069541997,0.580592924851767
3.78472222222222,2,1,1,4.80241307512881,7.11602870119373,12,0,15.4741935483871,10,0.901206537564406,0.901206537564406,0.580577238080015
3.78777777777778,2,1,1,4.80611562166069,7.11974033453379,12,0,15.4741935483871,10,0.903057810830347,0.903057810830347,0.580561551301075
3.79083333333333,2,1,1,4.80981777872063,7.12345157744562,12,0,15.4741935483871,10,0.904908889360314,0.904908889360314,0.580545864514948
3.79388888888889,2,1,1,4.81351954634988,7.12716242997021,12,0,15.4741935483871,10,0.90675977317494,0.90675977317494,0.580530177721633
3.79694444444444,2,1,1,4.81722092458909,7.13087289214889,12,0,15.4741935483871,10,0.908610462294547,0.908610462294547,0.58051449092113
3.8,2,1,1,4.82092191347931,7.13458296402251,12,0,15.4741935483871,10,0.910460956739655,0.910460956739655,0.58049880411344
3.80305555555556,2,1,1,4.82462251306174,7.13829264563219,12,0,15.4741935483871,10,0.91231125653087,0.91231125653087,0.580483117298561
3.80611111111111,2,1,1,4.82832272337697,7.14200193701907,12,0,15.4741935483871,10,0.914161361688485,0.914161361688485,0.580467430476494
3.80916666666667,2,1,1,4.83202254446633,7.14571083822426,12,0,15.4741935483871,10,0.916011272233163,0.916011272233163,0.580451743647238
3.81222222222222,2,1,1,4.83572197637062,7.14941934928879,12,0,15.4741935483871,10,0.917860988185282,0.917860988185282,0.580436056810795
3.81527777777778,2,1,1,4.83942101913095,7.15312747025354,12,0,15.4741935483871,10,0.919710509565448,0.919710509565448,0.580420369967163
3.81833333333333,2,1,1,4.84311967278802,7.15683520115977,12,0,15.4741935483871,10,0.92155983639401,0.92155983639401,0.580404683116343
3.82138888888889,2,1,1,4.84681793738304,7.1605425420484,12,0,15.4741935483871,10,0.923408968691518,0.923408968691518,0.580388996258334
3.82444444444444,2,1,1,4.85051581295676,7.16424949296066,12,0,15.4741935483871,10,0.92525790647835,0.92525790647835,0.580373309393137
3.8275,2,1,1,4.85421329955011,7.16795605393753,12,0,15.4741935483871,10,0.927106649775055,0.927106649775055,0.580357622520751
3.83055555555556,2,1,1,4.85791039720425,7.17166222501999,12,0,15.4741935483871,10,0.928955198602097,0.928955198602097,0.580341935641176
3.83361111111111,2,1,1,4.8616071059601,7.17536800624902,12,0,15.4741935483871,10,0.930803552980024,0.930803552980024,0.580326248754413
3.83666666666667,2,1,1,4.86530342585831,7.17907339766577,12,0,15.4741935483871,10,0.932651712929129,0.932651712929129,0.58031056186046
3.83972222222222,2,1,1,4.86899935694009,7.18277839931102,12,0,15.4741935483871,10,0.934499678470019,0.934499678470019,0.580294874959319
3.84277777777778,2,1,1,4.8726948992462,7.18648301122619,12,0,15.4741935483871,10,0.936347449623071,0.936347449623071,0.580279188050989
3.84583333333333,2,1,1,4.87639005281756,7.19018723345215,12,0,15.4741935483871,10,0.938195026408778,0.938195026408778,0.580263501135469
3.84888888888889,2,1,1,4.88008481769509,7.19389106602972,12,0,15.4741935483871,10,0.940042408847546,0.940042408847546,0.580247814212761
3.85194444444444,2,1,1,4.88377919391974,7.19759450900011,12,0,15.4741935483871,10,0.94188959695984,0.94188959695984,0.580232127282863
3.855,2,1,1,4.88747318153241,7.20129756240425,12,0,15.4741935483871,10,0.943736590766207,0.943736590766207,0.580216440345776
3.85805555555556,2,1,1,4.891166780574,7.20500022628312,12,0,15.4741935483871,10,0.94558339028697,0.94558339028697,0.580200753401499
3.86111111111111,2,1,1,4.89485999108553,7.20870250067787,12,0,15.4741935483871,10,0.947429995542763,0.947429995542763,0.580185066450033
3.86416666666667,2,1,1,4.89855281310764,7.21240438562933,12,0,15.4741935483871,10,0.949276406553821,0.949276406553821,0.580169379491378
3.86722222222222,2,1,1,4.90224524668128,7.21610588117858,12,0,15.4741935483871,10,0.951122623340638,0.951122623340638,0.580153692525532
3.87027777777778,2,1,1,4.90593729184747,7.21980698736661,12,0,15.4741935483871,10,0.952968645923733,0.952968645923733,0.580138005552498
3.87333333333333,2,1,1,4.90962894864703,7.22350770423429,12,0,15.4741935483871,10,0.954814474323484,0.954814474323484,0.580122318572273
3.87638888888889,2,1,1,4.91332021712071,7.22720803182273,12,0,15.4741935483871,10,0.956660108560357,0.956660108560357,0.580106631584859
3.87944444444444,2,1,1,4.91701109730963,7.23090797017272,12,0,15.4741935483871,10,0.958505548654813,0.958505548654813,0.580090944590254
3.8825,2,1,1,4.92070158925435,7.23460751932538,12,0,15.4741935483871,10,0.960350794627146,0.960350794627146,0.58007525758846
3.88555555555556,2,1,1,4.92439169299598,7.23830667932174,12,0,15.4741935483871,10,0.962195846497991,0.962195846497991,0.580059570579475
3.88861111111111,2,1,1,4.92808140857517,7.24200545020238,12,0,15.4741935483871,10,0.964040704287555,0.964040704287555,0.580043883563301
3.89166666666667,2,1,1,4.93177073603312,7.24570383200847,12,0,15.4741935483871,10,0.965885368016529,0.965885368016529,0.580028196539936
3.89472222222222,2,1,1,4.9354596754103,7.24940182478127,12,0,15.4741935483871,10,0.967729837705122,0.967729837705122,0.580012509509381
3.89777777777778,2,1,1,4.9391482267477,7.25309942856131,12,0,15.4741935483871,10,0.969574113373824,0.969574113373824,0.579996822471635
3.90083333333333,2,1,1,4.94283639008626,7.25679664338975,12,0,15.4741935483871,10,0.971418195043128,0.971418195043128,0.579981135426699
3.90388888888889,2,1,1,4.94652416546654,7.26049346930745,12,0,15.4741935483871,10,0.973262082733243,0.973262082733243,0.579965448374573
3.90694444444444,2,1,1,4.95021155292972,7.26418990635528,12,0,15.4741935483871,10,0.975105776464829,0.975105776464829,0.579949761315255
3.91,2,1,1,4.95389855251636,7.26788595457447,12,0,15.4741935483871,10,0.976949276258154,0.976949276258154,0.579934074248748
3.91305555555556,2,1,1,4.95758516426758,7.27158161400541,12,0,15.4741935483871,10,0.978792582133792,0.978792582133792,0.579918387175049
3.91611111111111,2,1,1,4.96127138822374,7.27527688468933,12,0,15.4741935483871,10,0.980635694111868,0.980635694111868,0.57990270009416
3.91916666666667,2,1,1,4.96495722442592,7.2789717666671,12,0,15.4741935483871,10,0.982478612212958,0.982478612212958,0.579887013006079
3.92222222222222,2,1,1,4.968642672915,7.28266625997986,12,0,15.4741935483871,10,0.984321336457498,0.984321336457498,0.579871325910808
3.92527777777778,2,1,1,4.97232773373162,7.28636036466827,12,0,15.4741935483871,10,0.986163866865809,0.986163866865809,0.579855638808346
3.92833333333333,2,1,1,4.97601240691682,7.29005408077313,12,0,15.4741935483871,10,0.988006203458411,0.988006203458411,0.579839951698692
3.93138888888889,2,1,1,4.97969669251108,7.29374740833549,12,0,15.4741935483871,10,0.989848346255542,0.989848346255542,0.579824264581848
3.93444444444444,2,1,1,4.98338059055556,7.29744034739628,12,0,15.4741935483871,10,0.991690295277749,0.991690295277749,0.579808577457812
3.9375,2,1,1,4.9870641010906,7.30113289799624,12,0,15.4741935483871,10,0.993532050545269,0.993532050545269,0.579792890326584
3.94055555555556,2,1,1,4.99074722415725,7.30482506017654,12,0,15.4741935483871,10,0.995373612078595,0.995373612078595,0.579777203188166
3.94361111111111,2,1,1,4.99442995979643,7.30851683397765,12,0,15.4741935483871,10,0.997214979898189,0.997214979898189,0.579761516042555
3.94666666666667,2,1,1,4.99811230804869,7.31220821944072,12,0,15.4741935483871,10,0.999056154024316,0.999056154024316,0.579745828889753
3.94972222222222,2,1,1,5.00179426895494,7.31589921660651,12,0,15.4741935483871,10,1,1,0.57973014172976
3.95277777777778,2,1,1,5.00547584255582,7.31958982551612,12,0,15.4741935483871,10,1,1,0.579714454562575
3.95583333333333,2,1,1,5.0091570288921,7.32328004621019,12,0,15.4741935483871,10,1,1,0.579698767388198
3.95888888888889,2,1,1,5.01283782800459,7.32696987872947,12,0,15.4741935483871,10,1,1,0.579683080206629
3.96194444444444,2,1,1,5.01651823993404,7.33065932311501,12,0,15.4741935483871,10,1,1,0.579667393017868
3.965,2,1,1,5.02019826472122,7.33434837940769,12,0,15.4741935483871,10,1,1,0.579651705821915
3.96805555555556,2,1,1,5.02387790240681,7.33803704764853,12,0,15.4741935483871,10,1,1,0.57963601861877
3.97111111111111,2,1,1,5.02755715303164,7.3417253278779,12,0,15.4741935483871,10,1,1,0.579620331408433
3.97416666666667,2,1,1,5.0312360166364,7.34541322013689,12,0,15.4741935483871,10,1,1,0.579604644190904
3.97722222222222,2,1,1,5.03491449326174,7.34910072446633,12,0,15.4741935483871,10,1,1,0.579588956966182
3.98027777777778,2,1,1,5.03859258294841,7.35278784090696,12,0,15.4741935483871,10,1,1,0.579573269734268
3.98333333333333,2,1,1,5.04227028573717,7.35647456949971,12,0,15.4741935483871,10,1,1,0.579557582495161
3.98638888888889,2,1,1,5.04594760166879,7.36016091028523,12,0,15.4741935483871,10,1,1,0.579541895248862
3.98944444444444,2,1,1,5.049624530784,7.36384686330462,12,0,15.4741935483871,10,1,1,0.57952620799537
3.9925,2,1,1,5.05330107312341,7.36753242859862,12,0,15.4741935483871,10,1,1,0.579510520734685
3.99555555555556,2,1,1,5.0569772287277,7.37121760620789,12,0,15.4741935483871,10,1,1,0.579494833466808
3.99861111111111,2,1,1,5.06065299763765,7.37490239617324,12,0,15.4741935483871,10,1,1,0.579479146191738
4.00166666666667,2,1,1,5.06432837989405,7.37858679853554,12,0,15.4741935483871,10,1,1,0.579463458909475
4.00472222222222,2,1,1,5.06800337553756,7.38227081333554,12,0,15.4741935483871,10,1,1,0.579447771620019
4.00777777777778,2,1,1,5.07167798460864,7.38595444061406,12,0,15.4741935483871,10,1,1,0.57943208432337
4.01083333333333,2,1,1,5.07535220714817,7.38963768041191,12,0,15.4741935483871,10,1,1,0.579416397019528
4.01388888888889,2,1,1,5.0790260431969,7.39332053276974,12,0,15.4741935483871,10,1,1,0.579400709708492
4.01694444444444,2,1,1,5.08269949279543,7.39700299772841,12,0,15.4741935483871,10,1,1,0.579385022390263
4.02,2,1,1,5.08637255598433,7.40068507532874,12,0,15.4741935483871,10,1,1,0.579369335064841
4.02305555555556,2,1,1,5.09004523280436,7.40436676561148,12,0,15.4741935483871,10,1,1,0.579353647732225
4.02611111111111,2,1,1,5.09371752329633,7.40804806861735,12,0,15.4741935483871,10,1,1,0.579337960392416
4.02916666666667,2,1,1,5.0973894275005,7.4117289843872,12,0,15.4741935483871,10,1,1,0.579322273045414
4.03222222222222,2,1,1,5.10106094545785,7.41540951296167,12,0,15.4741935483871,10,1,1,0.579306585691217
4.03527777777778,2,1,1,5.10473207720895,7.41908965438148,12,0,15.4741935483871,10,1,1,0.579290898329827
4.03833333333333,2,1,1,5.1084028227944,7.42276940868749,12,0,15.4741935483871,10,1,1,0.579275210961243
4.04138888888889,2,1,1,5.11207318225502,7.42644877592056,12,0,15.4741935483871,10,1,1,0.579259523585465
4.04444444444444,2,1,1,5.11574315563115,7.43012775612118,12,0,15.4741935483871,10,1,1,0.579243836202493
4.0475,2,1,1,5.11941274296362,7.43380634933021,12,0,15.4741935483871,10,1,1,0.579228148812327
4.05055555555556,2,1,1,5.12308194429289,7.43748455558818,12,0,15.4741935483871,10,1,1,0.579212461414967
4.05361111111111,2,1,1,5.12675075965979,7.4411623749362,12,0,15.4741935483871,10,1,1,0.579196774010413
4.05666666666667,2,1,1,5.13041918910488,7.44483980741489,12,0,15.4741935483871,10,1,1,0.579181086598665
4.05972222222222,2,1,1,5.13408723266883,7.44851685306463,12,0,15.4741935483871,10,1,1,0.579165399179722
4.06277777777778,2,1,1,5.1377548903921,7.4521935119264,12,0,15.4741935483871,10,1,1,0.579149711753585
4.06583333333333,2,1,1,5.14142216231545,7.45586978404083,12,0,15.4741935483871,10,1,1,0.579134024320253
4.06888888888889,2,1,1,5.14508904847941,7.45954566944863,12,0,15.4741935483871,10,1,1,0.579118336879727
4.07194444444444,2,1,1,5.14875554892467,7.4632211681905,12,0,15.4741935483871,10,1,1,0.579102649432007
4.075,2,1,1,5.1524216636916,7.4668962803072,12,0,15.4741935483871,10,1,1,0.579086961977092
4.07805555555556,2,1,1,5.15608739282106,7.47057100583936,12,0,15.4741935483871,10,1,1,0.579071274514983
4.08111111111111,2,1,1,5.15975273635337,7.47424534482764,12,0,15.4741935483871,10,1,1,0.579055587045678
4.08416666666667,2,1,1,5.16341769432938,7.47791929731272,12,0,15.4741935483871,10,1,1,0.579039899569179
4.08722222222222,2,1,1,5.16708226678958,7.48159286333544,12,0,15.4741935483871,10,1,1,0.579024212085484
4.09027777777778,2,1,1,5.1707464537746,7.48526604293642,12,0,15.4741935483871,10,1,1,0.579008524594595
4.09333333333333,2,1,1,5.17441025532474,7.48893883615597,12,0,15.4741935483871,10,1,1,0.57899283709651
4.09638888888889,2,1,1,5.17807367148072,7.4926112430353,12,0,15.4741935483871,10,1,1,0.57897714959123
4.09944444444444,2,1,1,5.18173670228316,7.49628326361477,12,0,15.4741935483871,10,1,1,0.578961462078755
4.1025,2,1,1,5.1853993477726,7.49995489793503,12,0,15.4741935483871,10,1,1,0.578945774559085
4.10555555555556,2,1,1,5.18906160798946,7.50362614603682,12,0,15.4741935483871,10,1,1,0.578930087032219
4.10861111111111,2,1,1,5.19272348297449,7.50729700796074,12,0,15.4741935483871,10,1,1,0.578914399498157
4.11166666666667,2,1,1,5.19638497276804,7.51096748374738,12,0,15.4741935483871,10,1,1,0.5788987119569
4.11472222222222,2,1,1,5.20004607741078,7.51463757343754,12,0,15.4741935483871,10,1,1,0.578883024408447
4.11777777777778,2,1,1,5.20370679694315,7.5183072770717,12,0,15.4741935483871,10,1,1,0.578867336852799
4.12083333333333,2,1,1,5.20736713140599,7.52197659469056,12,0,15.4741935483871,10,1,1,0.578851649289954
4.12388888888889,2,1,1,5.21102708083936,7.52564552633487,12,0,15.4741935483871,10,1,1,0.578835961719914
4.12694444444444,2,1,1,5.21468664528408,7.529314072045,12,0,15.4741935483871,10,1,1,0.578820274142678
4.13,2,1,1,5.21834582478067,7.53298223186175,12,0,15.4741935483871,10,1,1,0.578804586558246
4.13305555555556,2,1,1,5.22200461936973,7.53665000582566,12,0,15.4741935483871,10,1,1,0.578788898966617
4.13611111111111,2,1,1,5.22566302909138,7.54031739397743,12,0,15.4741935483871,10,1,1,0.578773211367793
4.13916666666667,2,1,1,5.22932105398615,7.5439843963577,12,0,15.4741935483871,10,1,1,0.578757523761772
4.14222222222222,2,1,1,5.23297869409498,7.54765101300671,12,0,15.4741935483871,10,1,1,0.578741836148554
4.14527777777778,2,1,1,5.23663594945822,7.55131724396534,12,0,15.4741935483871,10,1,1,0.578726148528141
4.14833333333333,2,1,1,5.240292820116,7.55498308927417,12,0,15.4741935483871,10,1,1,0.578710460900531
4.15138888888889,2,1,1,5.24394930610919,7.55864854897379,12,0,15.4741935483871,10,1,1,0.578694773265724
4.15444444444444,2,1,1,5.24760540747803,7.56231362310467,12,0,15.4741935483871,10,1,1,0.578679085623721
4.1575,2,1,1,5.25126112426312,7.5659783117074,12,0,15.4741935483871,10,1,1,0.578663397974521
4.16055555555556,2,1,1,5.25491645650521,7.5696426148229,12,0,15.4741935483871,10,1,1,0.578647710318124
4.16361111111111,2,1,1,5.25857140424444,7.57330653249142,12,0,15.4741935483871,10,1,1,0.57863202265453
4.16666666666667,2,1,1,5.26222596752126,7.57697006475343,12,0,15.4741935483871,10,1,1,0.57861633498374
4.16972222222222,2,1,1,5.26588014637628,7.58063321164974,12,0,15.4741935483871,10,1,1,0.578600647305752
4.17277777777778,2,1,1,5.26953394084978,7.58429597322078,12,0,15.4741935483871,10,1,1,0.578584959620568
4.17583333333333,2,1,1,5.27318735098237,7.58795834950718,12,0,15.4741935483871,10,1,1,0.578569271928186
4.17888888888889,2,1,1,5.27684037681456,7.5916203405493,12,0,15.4741935483871,10,1,1,0.578553584228607
4.18194444444444,2,1,1,5.28049301838661,7.5952819463879,12,0,15.4741935483871,10,1,1,0.57853789652183
4.185,2,1,1,5.28414527573904,7.59894316706334,12,0,15.4741935483871,10,1,1,0.578522208807857
4.18805555555556,2,1,1,5.28779714891238,7.60260400261649,12,0,15.4741935483871,10,1,1,0.578506521086686
4.19111111111111,2,1,1,5.29144863794693,7.60626445308759,12,0,15.4741935483871,10,1,1,0.578490833358317
4.19416666666667,2,1,1,5.29509974288317,7.60992451851723,12,0,15.4741935483871,10,1,1,0.578475145622751
4.19722222222222,2,1,1,5.29875046376151,7.61358419894577,12,0,15.4741935483871,10,1,1,0.578459457879987
4.20027777777778,2,1,1,5.30240080062219,7.61724349441391,12,0,15.4741935483871,10,1,1,0.578443770130025
4.20333333333333,2,1,1,5.3060507535061,7.62090240496212,12,0,15.4741935483871,10,1,1,0.578428082372866
4.20638888888889,2,1,1,5.30970032245312,7.62456093063099,12,0,15.4741935483871,10,1,1,0.578412394608508
4.20944444444444,2,1,1,5.31334950750391,7.62821907146099,12,0,15.4741935483871,10,1,1,0.578396706836953
4.2125,2,1,1,5.31699830869889,7.63187682749248,12,0,15.4741935483871,10,1,1,0.5783810190582
4.21555555555556,2,1,1,5.32064672607845,7.63553419876621,12,0,15.4741935483871,10,1,1,0.578365331272248
4.21861111111111,2,1,1,5.32429475968297,7.63919118532249,12,0,15.4741935483871,10,1,1,0.578349643479099
4.22166666666667,2,1,1,5.32794240955275,7.6428477872019,12,0,15.4741935483871,10,1,1,0.578333955678751
4.22472222222222,2,1,1,5.33158967572831,7.64650400444503,12,0,15.4741935483871,10,1,1,0.578318267871205
4.22777777777778,2,1,1,5.33523655825002,7.65015983709208,12,0,15.4741935483871,10,1,1,0.57830258005646
4.23083333333333,2,1,1,5.33888305715811,7.65381528518378,12,0,15.4741935483871,10,1,1,0.578286892234517
4.23388888888889,2,1,1,5.34252917249307,7.6574703487604,12,0,15.4741935483871,10,1,1,0.578271204405375
4.23694444444444,2,1,1,5.34617490429542,7.6611250278624,12,0,15.4741935483871,10,1,1,0.578255516569035
4.24,2,1,1,5.34982025260524,7.66477932253042,12,0,15.4741935483871,10,1,1,0.578239828725496
4.24305555555556,2,1,1,5.35346521746311,7.66843323280477,12,0,15.4741935483871,10,1,1,0.578224140874759
4.24611111111111,2,1,1,5.35710979890922,7.6720867587261,12,0,15.4741935483871,10,1,1,0.578208453016822
4.24916666666667,2,1,1,5.36075399698399,7.67573990033469,12,0,15.4741935483871,10,1,1,0.578192765151687
4.25222222222222,2,1,1,5.36439781172777,7.67939265767092,12,0,15.4741935483871,10,1,1,0.578177077279353
4.25527777777778,2,1,1,5.36804124318098,7.68304503077536,12,0,15.4741935483871,10,1,1,0.578161389399819
4.25833333333333,2,1,1,5.37168429138387,7.68669701968855,12,0,15.4741935483871,10,1,1,0.578145701513087
4.26138888888889,2,1,1,5.37532695637657,7.69034862445091,12,0,15.4741935483871,10,1,1,0.578130013619155
4.26444444444444,2,1,1,5.37896923819983,7.69399984510272,12,0,15.4741935483871,10,1,1,0.578114325718024
4.2675,2,1,1,5.38261113689379,7.69765068168454,12,0,15.4741935483871,10,1,1,0.578098637809694
4.27055555555556,2,1,1,5.38625265249863,7.70130113423647,12,0,15.4741935483871,10,1,1,0.578082949894164
4.27361111111111,2,1,1,5.38989378505477,7.70495120279924,12,0,15.4741935483871,10,1,1,0.578067261971434
4.27666666666667,2,1,1,5.39353453460262,7.70860088741318,12,0,15.4741935483871,10,1,1,0.578051574041506
4.27972222222222,2,1,1,5.39717490118238,7.71225018811884,12,0,15.4741935483871,10,1,1,0.578035886104377
4.28277777777778,2,1,1,5.4008148848344,7.71589910495624,12,0,15.4741935483871,10,1,1,0.578020198160049
4.28583333333333,2,1,1,5.40445448559893,7.71954763796606,12,0,15.4741935483871,10,1,1,0.578004510208521
4.28888888888889,2,1,1,5.40809370351639,7.72319578718884,12,0,15.4741935483871,10,1,1,0.577988822249793
4.29194444444444,2,1,1,5.41173253862684,7.7268435526646,12,0,15.4741935483871,10,1,1,0.577973134283865
4.295,2,1,1,5.41537099097087,7.73049093443404,12,0,15.4741935483871,10,1,1,0.577957446310738
4.29805555555556,2,1,1,5.41900906058851,7.73413793253729,12,0,15.4741935483871,10,1,1,0.57794175833041
4.30111111111111,2,1,1,5.42264674752022,7.73778454701494,12,0,15.4741935483871,10,1,1,0.577926070342882
4.30416666666667,2,1,1,5.42628405180619,7.7414307779074,12,0,15.4741935483871,10,1,1,0.577910382348153
4.30722222222222,2,1,1,5.42992097348673,7.74507662525485,12,0,15.4741935483871,10,1,1,0.577894694346225
4.31027777777778,2,1,1,5.43355751260202,7.74872208909778,12,0,15.4741935483871,10,1,1,0.577879006337096
4.31333333333333,2,1,1,5.43719366919225,7.75236716947654,12,0,15.4741935483871,10,1,1,0.577863318320767
4.31638888888889,2,1,1,5.44082944329779,7.75601186643144,12,0,15.4741935483871,10,1,1,0.577847630297237
4.31944444444444,2,1,1,5.44446483495886,7.75965618000276,12,0,15.4741935483871,10,1,1,0.577831942266506
4.3225,2,1,1,5.44809984421596,7.763300110231,12,0,15.4741935483871,10,1,1,0.577816254228575
4.32555555555556,2,1,1,5.45173447110898,7.76694365715645,12,0,15.4741935483871,10,1,1,0.577800566183443
4.32861111111111,2,1,1,5.45536871567845,7.77058682081946,12,0,15.4741935483871,10,1,1,0.577784878131111
4.33166666666667,2,1,1,5.45900257796433,7.77422960126017,12,0,15.4741935483871,10,1,1,0.577769190071577
4.33472222222222,2,1,1,5.46263605800698,7.77787199851923,12,0,15.4741935483871,10,1,1,0.577753502004843
4.33777777777778,2,1,1,5.4662691558467,7.78151401263659,12,0,15.4741935483871,10,1,1,0.577737813930907
4.34083333333333,2,1,1,5.46990187152375,7.78515564365284,12,0,15.4741935483871,10,1,1,0.57772212584977
4.34388888888889,2,1,1,5.47353420507824,7.78879689160817,12,0,15.4741935483871,10,1,1,0.577706437761432
4.34694444444444,2,1,1,5.47716615655025,7.79243775654317,12,0,15.4741935483871,10,1,1,0.577690749665893
4.35,2,1,1,5.48079772598021,7.79607823849784,12,0,15.4741935483871,10,1,1,0.577675061563153
4.35305555555556,2,1,1,5.48442891340824,7.79971833751267,12,0,15.4741935483871,10,1,1,0.577659373453211
4.35611111111111,2,1,1,5.48805971887452,7.80335805362802,12,0,15.4741935483871,10,1,1,0.577643685336068
4.35916666666667,2,1,1,5.49169014241932,7.80699738688395,12,0,15.4741935483871,10,1,1,0.577627997211724
4.36222222222222,2,1,1,5.49532018408274,7.81063633732077,12,0,15.4741935483871,10,1,1,0.577612309080177
4.36527777777778,2,1,1,5.49894984390511,7.8142749049789,12,0,15.4741935483871,10,1,1,0.57759662094143
4.36833333333333,2,1,1,5.5025791219266,7.81791308989875,12,0,15.4741935483871,10,1,1,0.57758093279548
4.37138888888889,2,1,1,5.50620801818718,7.82155089212046,12,0,15.4741935483871,10,1,1,0.577565244642329
4.37444444444444,2,1,1,5.50983653272738,7.82518831168431,12,0,15.4741935483871,10,1,1,0.577549556481975
4.3775,2,1,1,5.51346466558715,7.82882534863046,12,0,15.4741935483871,10,1,1,0.57753386831442
4.38055555555556,2,1,1,5.51709241680663,7.83246200299931,12,0,15.4741935483871,10,1,1,0.577518180139662
4.38361111111111,2,1,1,5.52071978642596,7.8360982748311,12,0,15.4741935483871,10,1,1,0.577502491957703
4.38666666666667,2,1,1,5.52434677448554,7.83973416416603,12,0,15.4741935483871,10,1,1,0.577486803768541
4.38972222222222,2,1,1,5.52797338102528,7.84336967104463,12,0,15.4741935483871,10,1,1,0.577471115572177
4.39277777777778,2,1,1,5.53159960608531,7.84700479550679,12,0,15.4741935483871,10,1,1,0.577455427368611
4.39583333333333,2,1,1,5.53522544970593,7.85063953759283,12,0,15.4741935483871,10,1,1,0.577439739157842
4.39888888888889,2,1,1,5.5388509119274,7.85427389734321,12,0,15.4741935483871,10,1,1,0.577424050939871
4.40194444444444,2,1,1,5.5424759927896,7.85790787479772,12,0,15.4741935483871,10,1,1,0.577408362714697
4.405,2,1,1,5.54610069233286,7.86154146999706,12,0,15.4741935483871,10,1,1,0.577392674482321
4.40805555555556,2,1,1,5.54972501059711,7.86517468298143,12,0,15.4741935483871,10,1,1,0.577376986242741
4.41111111111111,2,1,1,5.55334894762245,7.86880751379078,12,0,15.4741935483871,10,1,1,0.57736129799596
4.41416666666667,2,1,1,5.55697250344923,7.87243996246548,12,0,15.4741935483871,10,1,1,0.577345609741975
4.41722222222222,2,1,1,5.56059567811752,7.87607202904559,12,0,15.4741935483871,10,1,1,0.577329921480788
4.42027777777778,2,1,1,5.56421847166752,7.87970371357153,12,0,15.4741935483871,10,1,1,0.577314233212397
4.42333333333333,2,1,1,5.56784088413906,7.88333501608366,12,0,15.4741935483871,10,1,1,0.577298544936804
4.42638888888889,2,1,1,5.57146291557234,7.88696593662189,12,0,15.4741935483871,10,1,1,0.577282856654007
4.42944444444444,2,1,1,5.57508456600749,7.89059647522652,12,0,15.4741935483871,10,1,1,0.577267168364007
4.4325,2,1,1,5.57870583548464,7.89422663193756,12,0,15.4741935483871,10,1,1,0.577251480066804
4.43555555555556,2,1,1,5.58232672404387,7.89785640679526,12,0,15.4741935483871,10,1,1,0.577235791762398
4.43861111111111,2,1,1,5.58594723172524,7.90148579983997,12,0,15.4741935483871,10,1,1,0.577220103450788
4.44166666666667,2,1,1,5.58956735856884,7.90511481111196,12,0,15.4741935483871,10,1,1,0.577204415131975
4.44472222222222,2,1,1,5.59318710461497,7.90874344065111,12,0,15.4741935483871,10,1,1,0.577188726805958
4.44777777777778,2,1,1,5.59680646990336,7.9123716884979,12,0,15.4741935483871,10,1,1,0.577173038472738
4.45083333333333,2,1,1,5.60042545447425,7.91599955469212,12,0,15.4741935483871,10,1,1,0.577157350132314
4.45388888888889,2,1,1,5.60404405836749,7.91962703927425,12,0,15.4741935483871,10,1,1,0.577141661784686
4.45694444444444,2,1,1,5.60766228162345,7.92325414228435,12,0,15.4741935483871,10,1,1,0.577125973429854
4.46,2,1,1,5.61128012428213,7.92688086376262,12,0,15.4741935483871,10,1,1,0.577110285067819
4.46305555555556,2,1,1,5.61489758638356,7.9305072037493,12,0,15.4741935483871,10,1,1,0.577094596698579
4.46611111111111,2,1,1,5.61851466796782,7.9341331622843,12,0,15.4741935483871,10,1,1,0.577078908322136
4.46916666666667,2,1,1,5.62213136907474,7.93775873940797,12,0,15.4741935483871,10,1,1,0.577063219938488
4.47222222222222,2,1,1,5.62574768974468,7.94138393516033,12,0,15.4741935483871,10,1,1,0.577047531547636
4.47527777777778,2,1,1,5.62936363001768,7.94500874958146,12,0,15.4741935483871,10,1,1,0.57703184314958
4.47833333333333,2,1,1,5.63297918993345,7.94863318271189,12,0,15.4741935483871,10,1,1,0.577016154744319
4.48138888888889,2,1,1,5.63659436953208,7.95225723459129,12,0,15.4741935483871,10,1,1,0.577000466331854
4.48444444444444,2,1,1,5.6402091688538,7.95588090525985,12,0,15.4741935483871,10,1,1,0.576984777912185
4.4875,2,1,1,5.64382358793853,7.95950419475781,12,0,15.4741935483871,10,1,1,0.576969089485311
4.49055555555556,2,1,1,5.64743762682616,7.96312710312537,12,0,15.4741935483871,10,1,1,0.576953401051232
4.49361111111111,2,1,1,5.65105128555695,7.96674963040249,12,0,15.4741935483871,10,1,1,0.576937712609949
4.49666666666667,2,1,1,5.65466456417096,7.97037177662918,12,0,15.4741935483871,10,1,1,0.576922024161461
4.49972222222222,2,1,1,5.65827746270799,7.97399354184586,12,0,15.4741935483871,10,1,1,0.576906335705769
4.50277777777778,2,1,1,5.66188998120799,7.97761492609237,12,0,15.4741935483871,10,1,1,0.576890647242871
4.50583333333333,2,1,1,5.66550211971116,7.98123592940902,12,0,15.4741935483871,10,1,1,0.576874958772768
4.50888888888889,2,1,1,5.66911387825718,7.98485655183572,12,0,15.4741935483871,10,1,1,0.57685927029546
4.51194444444444,2,1,1,5.67272525688622,7.98847679341264,12,0,15.4741935483871,10,1,1,0.576843581810947
4.515,2,1,1,5.67633625563838,7.99209665417982,12,0,15.4741935483871,10,1,1,0.576827893319229
4.51805555555556,2,1,1,5.67994687455354,7.9957161341772,12,0,15.4741935483871,10,1,1,0.576812204820306
4.52111111111111,2,1,1,5.68355711367167,7.99933523344498,12,0,15.4741935483871,10,1,1,0.576796516314177
4.52416666666667,2,1,1,5.68716697303256,8.00295395202318,12,0,15.4741935483871,10,1,1,0.576780827800843
4.52722222222222,2,1,1,5.69077645267652,8.00657228995198,12,0,15.4741935483871,10,1,1,0.576765139280304
4.53027777777778,2,1,1,5.69438555264338,8.01019024727128,12,0,15.4741935483871,10,1,1,0.576749450752559
4.53333333333333,2,1,1,5.69799427297306,8.01380782402128,12,0,15.4741935483871,10,1,1,0.576733762217608
4.53638888888889,2,1,1,5.70160261370552,8.01742502024206,12,0,15.4741935483871,10,1,1,0.576718073675451
4.53944444444444,2,1,1,5.70521057488048,8.02104183597373,12,0,15.4741935483871,10,1,1,0.576702385126089
4.5425,2,1,1,5.70881815653831,8.0246582712561,12,0,15.4741935483871,10,1,1,0.576686696569521
4.54555555555556,2,1,1,5.71242535871858,8.02827432612918,12,0,15.4741935483871,10,1,1,0.576671008005747
4.54861111111111,2,1,1,5.71603218146146,8.03189000063327,12,0,15.4741935483871,10,1,1,0.576655319434767
4.55166666666667,2,1,1,5.71963862480686,8.0355052948081,12,0,15.4741935483871,10,1,1,0.576639630856581
4.55472222222222,2,1,1,5.72324468879452,8.03912020869393,12,0,15.4741935483871,10,1,1,0.576623942271189
4.55777777777778,2,1,1,5.72685037346474,8.04273474233082,12,0,15.4741935483871,10,1,1,0.576608253678591
4.56083333333333,2,1,1,5.73045567885725,8.04634889575863,12,0,15.4741935483871,10,1,1,0.576592565078786
4.56388888888889,2,1,1,5.7340606050119,8.04996266901736,12,0,15.4741935483871,10,1,1,0.576576876471775
4.56694444444444,2,1,1,5.73766515196854,8.05357606214704,12,0,15.4741935483871,10,1,1,0.576561187857558
4.57,2,1,1,5.74126931976713,8.05718907518781,12,0,15.4741935483871,10,1,1,0.576545499236134
4.57305555555556,2,1,1,5.74487310844762,8.06080170817955,12,0,15.4741935483871,10,1,1,0.576529810607504
4.57611111111111,2,1,1,5.74847651804987,8.06441396116242,12,0,15.4741935483871,10,1,1,0.576514121971667
4.57916666666667,2,1,1,5.75207954861395,8.06802583417624,12,0,15.4741935483871,10,1,1,0.576498433328624
4.58222222222222,2,1,1,5.75568220017954,8.07163732726121,12,0,15.4741935483871,10,1,1,0.576482744678373
4.58527777777778,2,1,1,5.75928447278659,8.07524844045685,12,0,15.4741935483871,10,1,1,0.576467056020916
4.58833333333333,2,1,1,5.76288636647513,8.07885917380344,12,0,15.4741935483871,10,1,1,0.576451367356252
4.59138888888889,2,1,1,5.76648788128483,8.082469527341,12,0,15.4741935483871,10,1,1,0.576435678684381
4.59444444444444,2,1,1,5.77008901725566,8.08607950110957,12,0,15.4741935483871,10,1,1,0.576419990005303
4.5975,2,1,1,5.77368977442734,8.08968909514897,12,0,15.4741935483871,10,1,1,0.576404301319018
4.60055555555556,2,1,1,5.77729015283973,8.09329830949906,12,0,15.4741935483871,10,1,1,0.576388612625526
4.60361111111111,2,1,1,5.78089015253306,8.09690714419997,12,0,15.4741935483871,10,1,1,0.576372923924826
4.60666666666667,2,1,1,5.78448977354697,8.10051559929155,12,0,15.4741935483871,10,1,1,0.576357235216919
4.60972222222222,2,1,1,5.78808901592117,8.10412367481388,12,0,15.4741935483871,10,1,1,0.576341546501805
4.61277777777778,2,1,1,5.79168787969559,8.10773137080679,12,0,15.4741935483871,10,1,1,0.576325857779482
4.61583333333333,2,1,1,5.79528636491011,8.11133868731054,12,0,15.4741935483871,10,1,1,0.576310169049953
4.61888888888889,2,1,1,5.79888447160459,8.11494562436468,12,0,15.4741935483871,10,1,1,0.576294480313217
4.62194444444444,2,1,1,5.80248219981883,8.11855218200941,12,0,15.4741935483871,10,1,1,0.576278791569272
4.625,2,1,1,5.80607954959271,8.12215836028423,12,0,15.4741935483871,10,1,1,0.57626310281812
4.62805555555556,2,1,1,5.80967652096604,8.1257641592295,12,0,15.4741935483871,10,1,1,0.57624741405976
4.63111111111111,2,1,1,5.81327311397871,8.12936957888502,12,0,15.4741935483871,10,1,1,0.576231725294192
4.63416666666667,2,1,1,5.81686932867041,8.13297461929062,12,0,15.4741935483871,10,1,1,0.576216036521416
4.63722222222222,2,1,1,5.82046516508103,8.13657928048616,12,0,15.4741935483871,10,1,1,0.576200347741432
4.64027777777778,2,1,1,5.8240606232502,8.14018356251182,12,0,15.4741935483871,10,1,1,0.576184658954241
4.64333333333333,2,1,1,5.827655703218,8.1437874654074,12,0,15.4741935483871,10,1,1,0.576168970159841
4.64638888888889,2,1,1,5.83125040502404,8.14739098921268,12,0,15.4741935483871,10,1,1,0.576153281358234
4.64944444444444,2,1,1,5.83484472870816,8.15099413396757,12,0,15.4741935483871,10,1,1,0.576137592549417
4.6525,2,1,1,5.83843867431017,8.15459689971209,12,0,15.4741935483871,10,1,1,0.576121903733393
4.65555555555556,2,1,1,5.8420322418699,8.15819928648597,12,0,15.4741935483871,10,1,1,0.57610621491016
4.65861111111111,2,1,1,5.84562543142727,8.16180129432922,12,0,15.4741935483871,10,1,1,0.576090526079718
4.66166666666667,2,1,1,5.84921824302177,8.1654029232817,12,0,15.4741935483871,10,1,1,0.576074837242068
4.66472222222222,2,1,1,5.8528106766932,8.16900417338326,12,0,15.4741935483871,10,1,1,0.576059148397209
4.66777777777778,2,1,1,5.8564027324814,8.1726050446739,12,0,15.4741935483871,10,1,1,0.576043459545142
4.67083333333333,2,1,1,5.85999441042622,8.17620553719314,12,0,15.4741935483871,10,1,1,0.576027770685866
4.67388888888889,2,1,1,5.86358571056741,8.17980565098122,12,0,15.4741935483871,10,1,1,0.576012081819381
4.67694444444444,2,1,1,5.86717663294468,8.18340538607788,12,0,15.4741935483871,10,1,1,0.575996392945686
4.68,2,1,1,5.87076717759805,8.18700474252284,12,0,15.4741935483871,10,1,1,0.575980704064783
4.68305555555556,2,1,1,5.87435734456682,8.19060372035608,12,0,15.4741935483871,10,1,1,0.575965015176671
4.68611111111111,2,1,1,5.87794713389104,8.19420231961749,12,0,15.4741935483871,10,1,1,0.575949326281349
4.68916666666667,2,1,1,5.88153654561029,8.19780054034669,12,0,15.4741935483871,10,1,1,0.575933637378819
4.69222222222222,2,1,1,5.88512557976458,8.20139838258376,12,0,15.4741935483871,10,1,1,0.575917948469079
4.69527777777778,2,1,1,5.88871423639324,8.20499584636838,12,0,15.4741935483871,10,1,1,0.575902259552129
4.69833333333333,2,1,1,5.89230251553619,8.20859293174061,12,0,15.4741935483871,10,1,1,0.575886570627971
4.70138888888889,2,1,1,5.8958904172332,8.21218963873991,12,0,15.4741935483871,10,1,1,0.575870881696602
4.70444444444444,2,1,1,5.89947794152397,8.21578596740642,12,0,15.4741935483871,10,1,1,0.575855192758025
4.7075,2,1,1,5.90306508844822,8.21938191777969,12,0,15.4741935483871,10,1,1,0.575839503812237
4.71055555555556,2,1,1,5.90665185804573,8.22297748989968,12,0,15.4741935483871,10,1,1,0.57582381485924
4.71361111111111,2,1,1,5.91023825035603,8.22657268380618,12,0,15.4741935483871,10,1,1,0.575808125899033
4.71666666666667,2,1,1,5.91382426541895,8.23016749953894,12,0,15.4741935483871,10,1,1,0.575792436931616
4.71972222222222,2,1,1,5.91740990327429,8.23376193713796,12,0,15.4741935483871,10,1,1,0.575776747956989
4.72277777777778,2,1,1,5.92099516396155,8.23735599664275,12,0,15.4741935483871,10,1,1,0.575761058975152
4.72583333333333,2,1,1,5.92458004752041,8.24094967809333,12,0,15.4741935483871,10,1,1,0.575745369986105
4.72888888888889,2,1,1,5.92816455399077,8.24454298152938,12,0,15.4741935483871,10,1,1,0.575729680989848
4.73194444444444,2,1,1,5.93174868341214,8.24813590699063,12,0,15.4741935483871,10,1,1,0.575713991986381
4.735,2,1,1,5.93533243582431,8.25172845451709,12,0,15.4741935483871,10,1,1,0.575698302975703
4.73805555555556,2,1,1,5.93891581126678,8.25532062414828,12,0,15.4741935483871,10,1,1,0.575682613957815
4.74111111111111,2,1,1,5.94249880977947,8.2589124159241,12,0,15.4741935483871,10,1,1,0.575666924932717
4.74416666666667,2,1,1,5.94608143140204,8.26250382988422,12,0,15.4741935483871,10,1,1,0.575651235900408
4.74722222222222,2,1,1,5.94966367617371,8.2660948660685,12,0,15.4741935483871,10,1,1,0.575635546860888
4.75027777777778,2,1,1,5.9532455441348,8.2696855245166,12,0,15.4741935483871,10,1,1,0.575619857814158
4.75333333333333,2,1,1,5.95682703532435,8.27327580526838,12,0,15.4741935483871,10,1,1,0.575604168760218
4.75638888888889,2,1,1,5.96040814978261,8.27686570836346,12,0,15.4741935483871,10,1,1,0.575588479699066
4.75944444444444,2,1,1,5.96398888754879,8.28045523384179,12,0,15.4741935483871,10,1,1,0.575572790630704
4.7625,2,1,1,5.9675692486627,8.28404438174294,12,0,15.4741935483871,10,1,1,0.575557101555131
4.76555555555556,2,1,1,5.97114923316394,8.28763315210665,12,0,15.4741935483871,10,1,1,0.575541412472346
4.76861111111111,2,1,1,5.97472884109203,8.29122154497253,12,0,15.4741935483871,10,1,1,0.575525723382351
4.77166666666667,2,1,1,5.97830807248687,8.29480956038066,12,0,15.4741935483871,10,1,1,0.575510034285144
4.77472222222222,2,1,1,5.9818869273879,8.29839719837048,12,0,15.4741935483871,10,1,1,0.575494345180727
4.77777777777778,2,1,1,5.9854654058347,8.30198445898191,12,0,15.4741935483871,10,1,1,0.575478656069098
4.78083333333333,2,1,1,5.98904350786705,8.30557134225461,12,0,15.4741935483871,10,1,1,0.575462966950258
4.78388888888889,2,1,1,5.9926212335244,8.30915784822827,12,0,15.4741935483871,10,1,1,0.575447277824206
4.78694444444444,2,1,1,5.99619858284649,8.31274397694256,12,0,15.4741935483871,10,1,1,0.575431588690943
4.79,2,1,1,5.99977555587287,8.31632972843698,12,0,15.4741935483871,10,1,1,0.575415899550468
4.79305555555556,2,1,1,6.00335215264312,8.31991510275157,12,0,15.4741935483871,10,1,1,0.575400210402782
4.79611111111111,2,1,1,6.0069283731969,8.32350009992587,12,0,15.4741935483871,10,1,1,0.575384521247884
4.79916666666667,2,1,1,6.01050421757384,8.32708471999962,12,0,15.4741935483871,10,1,1,0.575368832085775
4.80222222222222,2,1,1,6.01407968581344,8.33066896301244,12,0,15.4741935483871,10,1,1,0.575353142916453
4.80527777777778,2,1,1,6.01765477795522,8.33425282900419,12,0,15.4741935483871,10,1,1,0.57533745373992
4.80833333333333,2,1,1,6.02122949403883,8.33783631801435,12,0,15.4741935483871,10,1,1,0.575321764556174
4.81138888888889,2,1,1,6.02480383410392,8.34141943008274,12,0,15.4741935483871,10,1,1,0.575306075365217
4.81444444444444,2,1,1,6.02837779818987,8.34500216524873,12,0,15.4741935483871,10,1,1,0.575290386167047
4.8175,2,1,1,6.03195138633646,8.34858452355235,12,0,15.4741935483871,10,1,1,0.575274696961665
4.82055555555556,2,1,1,6.03552459858315,8.3521665050331,12,0,15.4741935483871,10,1,1,0.575259007749071
4.82361111111111,2,1,1,6.03909743496951,8.35574810973065,12,0,15.4741935483871,10,1,1,0.575243318529265
4.82666666666667,2,1,1,6.04266989553514,8.3593293376847,12,0,15.4741935483871,10,1,1,0.575227629302246
4.82972222222222,2,1,1,6.04624198031945,8.36291018893473,12,0,15.4741935483871,10,1,1,0.575211940068015
4.83277777777778,2,1,1,6.04981368936217,8.36649066352061,12,0,15.4741935483871,10,1,1,0.575196250826571
4.83583333333333,2,1,1,6.05338502270263,8.37007076148183,12,0,15.4741935483871,10,1,1,0.575180561577915
4.83888888888889,2,1,1,6.05695598038056,8.37365048285807,12,0,15.4741935483871,10,1,1,0.575164872322046
4.84194444444444,2,1,1,6.06052656243554,8.37722982768901,12,0,15.4741935483871,10,1,1,0.575149183058965
4.845,2,1,1,6.06409676890695,8.38080879601421,12,0,15.4741935483871,10,1,1,0.575133493788671
4.84805555555556,2,1,1,6.06766659983435,8.38438738787335,12,0,15.4741935483871,10,1,1,0.575117804511163
4.85111111111111,2,1,1,6.07123605525732,8.38796560330599,12,0,15.4741935483871,10,1,1,0.575102115226443
4.85416666666667,2,1,1,6.07480513521546,8.39154344235192,12,0,15.4741935483871,10,1,1,0.57508642593451
4.85722222222222,2,1,1,6.07837383974805,8.39512090505036,12,0,15.4741935483871,10,1,1,0.575070736635364
4.86027777777778,2,1,1,6.08194216889461,8.39869799144145,12,0,15.4741935483871,10,1,1,0.575055047329004
4.86333333333333,2,1,1,6.08551012269493,8.40227470156429,12,0,15.4741935483871,10,1,1,0.575039358015432
4.86638888888889,2,1,1,6.08907770118822,8.40585103545868,12,0,15.4741935483871,10,1,1,0.575023668694646
4.86944444444444,2,1,1,6.0926449044141,8.40942699316435,12,0,15.4741935483871,10,1,1,0.575007979366646
4.8725,2,1,1,6.09621173241209,8.41300257472062,12,0,15.4741935483871,10,1,1,0.574992290031434
4.87555555555556,2,1,1,6.09977818522151,8.4165777801673,12,0,15.4741935483871,10,1,1,0.574976600689008
4.87861111111111,2,1,1,6.10334426288205,8.42015260954372,12,0,15.4741935483871,10,1,1,0.574960911339368
4.88166666666667,2,1,1,6.10690996543303,8.42372706288984,12,0,15.4741935483871,10,1,1,0.574945221982515
4.88472222222222,2,1,1,6.11047529291409,8.42730114024482,12,0,15.4741935483871,10,1,1,0.574929532618447
4.88777777777778,2,1,1,6.11404024536472,8.43087484164857,12,0,15.4741935483871,10,1,1,0.574913843247167
4.89083333333333,2,1,1,6.11760482282426,8.43444816714049,12,0,15.4741935483871,10,1,1,0.574898153868672
4.89388888888889,2,1,1,6.12116902533222,8.43802111676024,12,0,15.4741935483871,10,1,1,0.574882464482963
4.89694444444444,2,1,1,6.12473285292793,8.44159369054717,12,0,15.4741935483871,10,1,1,0.57486677509004
4.9,2,1,1,6.12829630565108,8.44516588854106,12,0,15.4741935483871,10,1,1,0.574851085689904
4.90305555555556,2,1,1,6.13185938354087,8.44873771078136,12,0,15.4741935483871,10,1,1,0.574835396282553
4.90611111111111,2,1,1,6.13542208663705,8.4523091573077,12,0,15.4741935483871,10,1,1,0.574819706867988
4.90916666666667,2,1,1,6.13898441497872,8.4558802281594,12,0,15.4741935483871,10,1,1,0.574804017446209
4.91222222222222,2,1,1,6.14254636860545,8.45945092337621,12,0,15.4741935483871,10,1,1,0.574788328017215
4.91527777777778,2,1,1,6.14610794755686,8.46302124299768,12,0,15.4741935483871,10,1,1,0.574772638581008
4.91833333333333,2,1,1,6.14966915187222,8.46659118706316,12,0,15.4741935483871,10,1,1,0.574756949137585
4.92138888888889,2,1,1,6.15322998159087,8.47016075561237,12,0,15.4741935483871,10,1,1,0.574741259686948
4.92444444444444,2,1,1,6.15679043675243,8.47372994868459,12,0,15.4741935483871,10,1,1,0.574725570229097
4.9275,2,1,1,6.16035051739618,8.47729876631939,12,0,15.4741935483871,10,1,1,0.574709880764031
4.93055555555556,2,1,1,6.16391022356163,8.4808672085565,12,0,15.4741935483871,10,1,1,0.57469419129175
4.93361111111111,2,1,1,6.16746955528805,8.48443527543543,12,0,15.4741935483871,10,1,1,0.574678501812254
4.93666666666667,2,1,1,6.1710285126149,8.48800296699528,12,0,15.4741935483871,10,1,1,0.574662812325543
4.93972222222222,2,1,1,6.17458709558156,8.49157028327579,12,0,15.4741935483871,10,1,1,0.574647122831618
4.94277777777778,2,1,1,6.1781453042276,8.49513722431658,12,0,15.4741935483871,10,1,1,0.574631433330477
4.94583333333333,2,1,1,6.18170313859218,8.49870379015692,12,0,15.4741935483871,10,1,1,0.574615743822122
4.94888888888889,2,1,1,6.18526059871493,8.5022699808365,12,0,15.4741935483871,10,1,1,0.574600054306551
4.95194444444444,2,1,1,6.18881768463501,8.50583579639471,12,0,15.4741935483871,10,1,1,0.574584364783765
4.955,2,1,1,6.19237439639193,8.50940123687104,12,0,15.4741935483871,10,1,1,0.574568675253764
4.95805555555556,2,1,1,6.19593073402501,8.5129663023049,12,0,15.4741935483871,10,1,1,0.574552985716547
4.96111111111111,2,1,1,6.1994866975736,8.5165309927358,12,0,15.4741935483871,10,1,1,0.574537296172115
4.96416666666667,2,1,1,6.20304228707721,8.52009530820311,12,0,15.4741935483871,10,1,1,0.574521606620467
4.96722222222222,2,1,1,6.20659750257522,8.52365924874641,12,0,15.4741935483871,10,1,1,0.574505917061604
4.97027777777778,2,1,1,6.21015234410686,8.52722281440521,12,0,15.4741935483871,10,1,1,0.574490227495525
4.97333333333333,2,1,1,6.21370681171123,8.53078600521883,12,0,15.4741935483871,10,1,1,0.574474537922231
4.97638888888889,2,1,1,6.21726090542819,8.5343488212269,12,0,15.4741935483871,10,1,1,0.574458848341721
4.97944444444444,2,1,1,6.22081462529667,8.53791126246881,12,0,15.4741935483871,10,1,1,0.574443158753995
4.9825,2,1,1,6.22436797135629,8.54147332898384,12,0,15.4741935483871,10,1,1,0.574427469159053
4.98555555555556,2,1,1,6.22792094364632,8.54503502081144,12,0,15.4741935483871,10,1,1,0.574411779556895
4.98861111111111,2,1,1,6.23147354220617,8.54859633799123,12,0,15.4741935483871,10,1,1,0.574396089947521
4.99166666666667,2,1,1,6.23502576707506,8.55215728056231,12,0,15.4741935483871,10,1,1,0.574380400330931
4.99472222222222,2,1,1,6.23857761829214,8.5557178485646,12,0,15.4741935483871,10,1,1,0.574364710707124
4.99777777777778,2,1,1,6.24212909589704,8.55927804203714,12,0,15.4741935483871,10,1,1,0.574349021076102
5.00083333333333,2,1,1,6.24568019992904,8.56283786101949,12,0,15.4741935483871,10,1,1,0.574333331437863
5.00388888888889,2,1,1,6.24923093042725,8.56639730555094,12,0,15.4741935483871,10,1,1,0.574317641792408
5.00694444444444,2,1,1,6.25278128743111,8.56995637567104,12,0,15.4741935483871,10,1,1,0.574301952139736
5.01,2,1,1,6.2563312709799,8.57351507141914,12,0,15.4741935483871,10,1,1,0.574286262479848
5.01305555555556,2,1,1,6.25988088111296,8.57707339283456,12,0,15.4741935483871,10,1,1,0.574270572812743
5.01611111111111,2,1,1,6.26343011786958,8.58063133995688,12,0,15.4741935483871,10,1,1,0.574254883138421
5.01916666666667,2,1,1,6.26697898128907,8.5841889128252,12,0,15.4741935483871,10,1,1,0.574239193456883
5.02222222222222,2,1,1,6.27052747141056,8.58774611147913,12,0,15.4741935483871,10,1,1,0.574223503768129
5.02527777777778,2,1,1,6.27407558827355,8.59130293595797,12,0,15.4741935483871,10,1,1,0.574207814072157
5.02833333333333,2,1,1,6.27762333191725,8.59485938630121,12,0,15.4741935483871,10,1,1,0.574192124368968
5.03138888888889,2,1,1,6.28117070238085,8.59841546254813,12,0,15.4741935483871,10,1,1,0.574176434658562
5.03444444444444,2,1,1,6.28471769970383,8.60197116473802,12,0,15.4741935483871,10,1,1,0.574160744940939
5.0375,2,1,1,6.28826432392543,8.60552649291037,12,0,15.4741935483871,10,1,1,0.574145055216099
5.04055555555556,2,1,1,6.29181057508464,8.60908144710459,12,0,15.4741935483871,10,1,1,0.574129365484042
5.04361111111111,2,1,1,6.2953564532209,8.61263602735994,12,0,15.4741935483871,10,1,1,0.574113675744768
5.04666666666667,2,1,1,6.29890195837362,8.61619023371577,12,0,15.4741935483871,10,1,1,0.574097985998276
5.04972222222222,2,1,1,6.30244709058178,8.61974406621152,12,0,15.4741935483871,10,1,1,0.574082296244567
5.05277777777778,2,1,1,6.30599184988472,8.6232975248866,12,0,15.4741935483871,10,1,1,0.57406660648364
5.05583333333333,2,1,1,6.30953623632172,8.62685060977998,12,0,15.4741935483871,10,1,1,0.574050916715496
5.05888888888889,2,1,1,6.31308024993206,8.63040332093124,12,0,15.4741935483871,10,1,1,0.574035226940134
5.06194444444444,2,1,1,6.31662389075484,8.6339556583797,12,0,15.4741935483871,10,1,1,0.574019537157554
5.065,2,1,1,6.32016715882946,8.63750762216472,12,0,15.4741935483871,10,1,1,0.574003847367757
5.06805555555556,2,1,1,6.32371005419509,8.64105921232556,12,0,15.4741935483871,10,1,1,0.573988157570742
5.07111111111111,2,1,1,6.32725257689088,8.64461042890161,12,0,15.4741935483871,10,1,1,0.573972467766509
5.07416666666667,2,1,1,6.33079472695619,8.64816127193205,12,0,15.4741935483871,10,1,1,0.573956777955058
5.07722222222222,2,1,1,6.33433650442993,8.65171174145644,12,0,15.4741935483871,10,1,1,0.573941088136389
5.08027777777778,2,1,1,6.33787790935168,8.65526183751388,12,0,15.4741935483871,10,1,1,0.573925398310502
5.08333333333333,2,1,1,6.34141894176037,8.6588115601437,12,0,15.4741935483871,10,1,1,0.573909708477397
5.08638888888889,2,1,1,6.34495960169534,8.66236090938526,12,0,15.4741935483871,10,1,1,0.573894018637073
5.08944444444444,2,1,1,6.34849988919569,8.66590988527787,12,0,15.4741935483871,10,1,1,0.573878328789532
5.0925,2,1,1,6.35203980430077,8.66945848786082,12,0,15.4741935483871,10,1,1,0.573862638934772
5.09555555555556,2,1,1,6.35557934704968,8.67300671717339,12,0,15.4741935483871,10,1,1,0.573846949072793
5.09861111111111,2,1,1,6.3591185174817,8.67655457325463,12,0,15.4741935483871,10,1,1,0.573831259203596
5.10166666666667,2,1,1,6.36265731563589,8.68010205614405,12,0,15.4741935483871,10,1,1,0.573815569327181
5.10472222222222,2,1,1,6.36619574155168,8.68364916588092,12,0,15.4741935483871,10,1,1,0.573799879443546
5.10777777777778,2,1,1,6.36973379526779,8.68719590250441,12,0,15.4741935483871,10,1,1,0.573784189552693
5.11083333333333,2,1,1,6.37327147682356,8.69074226605392,12,0,15.4741935483871,10,1,1,0.573768499654622
5.11388888888889,2,1,1,6.37680878625827,8.69428825656871,12,0,15.4741935483871,10,1,1,0.573752809749331
5.11694444444444,2,1,1,6.38034572361113,8.69783387408779,12,0,15.4741935483871,10,1,1,0.573737119836822
5.12,2,1,1,6.38388228892109,8.70137911865089,12,0,15.4741935483871,10,1,1,0.573721429917093
5.12305555555556,2,1,1,6.38741848222753,8.70492399029689,12,0,15.4741935483871,10,1,1,0.573705739990146
5.12611111111111,2,1,1,6.39095430356946,8.70846848906513,12,0,15.4741935483871,10,1,1,0.573690050055979
5.12916666666667,2,1,1,6.39448975298581,8.71201261499471,12,0,15.4741935483871,10,1,1,0.573674360114593
5.13222222222222,2,1,1,6.39802483051631,8.71555636812491,12,0,15.4741935483871,10,1,1,0.573658670165988
5.13527777777778,2,1,1,6.40155953619961,8.71909974849524,12,0,15.4741935483871,10,1,1,0.573642980210164
5.13833333333333,2,1,1,6.40509387007489,8.72264275614464,12,0,15.4741935483871,10,1,1,0.57362729024712
5.14138888888889,2,1,1,6.40862783218142,8.72618539111238,12,0,15.4741935483871,10,1,1,0.573611600276857
5.14444444444444,2,1,1,6.41216142255826,8.72972765343775,12,0,15.4741935483871,10,1,1,0.573595910299375
5.1475,2,1,1,6.41569464124461,8.73326954315979,12,0,15.4741935483871,10,1,1,0.573580220314672
5.15055555555556,2,1,1,6.41922748827949,8.73681106031802,12,0,15.4741935483871,10,1,1,0.57356453032275
5.15361111111111,2,1,1,6.42275996370222,8.74035220495159,12,0,15.4741935483871,10,1,1,0.573548840323609
5.15666666666667,2,1,1,6.42629206755157,8.74389297709962,12,0,15.4741935483871,10,1,1,0.573533150317247
5.15972222222222,2,1,1,6.42982379986677,8.74743337680115,12,0,15.4741935483871,10,1,1,0.573517460303666
5.16277777777778,2,1,1,6.43335516068697,8.75097340409565,12,0,15.4741935483871,10,1,1,0.573501770282865
5.16583333333333,2,1,1,6.43688615005118,8.75451305902197,12,0,15.4741935483871,10,1,1,0.573486080254844
5.16888888888889,2,1,1,6.44041676799861,8.75805234161953,12,0,15.4741935483871,10,1,1,0.573470390219603
5.17194444444444,2,1,1,6.44394701456821,8.76159125192754,12,0,15.4741935483871,10,1,1,0.573454700177141
5.175,2,1,1,6.44747688979936,8.76512978998511,12,0,15.4741935483871,10,1,1,0.57343901012746
5.17805555555556,2,1,1,6.45100639373078,8.76866795583169,12,0,15.4741935483871,10,1,1,0.573423320070558
5.18111111111111,2,1,1,6.45453552640174,8.77220574950599,12,0,15.4741935483871,10,1,1,0.573407630006436
5.18416666666667,2,1,1,6.4580642878513,8.77574317104728,12,0,15.4741935483871,10,1,1,0.573391939935093
5.18722222222222,2,1,1,6.46159267811839,8.77928022049491,12,0,15.4741935483871,10,1,1,0.57337624985653
5.19027777777778,2,1,1,6.46512069724218,8.78281689788815,12,0,15.4741935483871,10,1,1,0.573360559770747
5.19333333333333,2,1,1,6.46864834526178,8.78635320326566,12,0,15.4741935483871,10,1,1,0.573344869677743
5.19638888888889,2,1,1,6.47217562221613,8.78988913666711,12,0,15.4741935483871,10,1,1,0.573329179577518
5.19944444444444,2,1,1,6.47570252814432,8.79342469813139,12,0,15.4741935483871,10,1,1,0.573313489470072
5.2025,2,1,1,6.47922906308548,8.79695988769754,12,0,15.4741935483871,10,1,1,0.573297799355406
5.20555555555556,2,1,1,6.4827552270786,8.80049470540496,12,0,15.4741935483871,10,1,1,0.573282109233519
5.20861111111111,2,1,1,6.48628102016266,8.80402915129258,12,0,15.4741935483871,10,1,1,0.573266419104411
5.21166666666667,2,1,1,6.48980644237685,8.80756322539963,12,0,15.4741935483871,10,1,1,0.573250728968082
5.21472222222222,2,1,1,6.49333149376008,8.81109692776522,12,0,15.4741935483871,10,1,1,0.573235038824532
5.21777777777778,2,1,1,6.49685617435119,8.81463025842856,12,0,15.4741935483871,10,1,1,0.57321934867376
5.22083333333333,2,1,1,6.50038048418946,8.81816321742861,12,0,15.4741935483871,10,1,1,0.573203658515768
5.22388888888889,2,1,1,6.50390442331377,8.82169580480451,12,0,15.4741935483871,10,1,1,0.573187968350554
5.22694444444444,2,1,1,6.50742799176334,8.82522802059543,12,0,15.4741935483871,10,1,1,0.573172278178119
5.23,2,1,1,6.51095118957693,8.82875986484055,12,0,15.4741935483871,10,1,1,0.573156587998462
5.23305555555556,2,1,1,6.51447401679371,8.83229133757868,12,0,15.4741935483871,10,1,1,0.573140897811585
5.23611111111111,2,1,1,6.51799647345257,8.83582243884916,12,0,15.4741935483871,10,1,1,0.573125207617486
5.23916666666667,2,1,1,6.52151855959278,8.83935316869099,12,0,15.4741935483871,10,1,1,0.573109517416165
5.24222222222222,2,1,1,6.52504027525293,8.84288352714321,12,0,15.4741935483871,10,1,1,0.573093827207623
5.24527777777778,2,1,1,6.52856162047232,8.84641351424517,12,0,15.4741935483871,10,1,1,0.573078136991859
5.24833333333333,2,1,1,6.53208259528964,8.8499431300358,12,0,15.4741935483871,10,1,1,0.573062446768874
5.25138888888889,2,1,1,6.53560319974417,8.85347237455426,12,0,15.4741935483871,10,1,1,0.573046756538666
5.25444444444444,2,1,1,6.53912343387469,8.85700124783943,12,0,15.4741935483871,10,1,1,0.573031066301237
5.2575,2,1,1,6.54264329772008,8.86052974993049,12,0,15.4741935483871,10,1,1,0.573015376056585
5.26055555555556,2,1,1,6.54616279131966,8.86405788086654,12,0,15.4741935483871,10,1,1,0.572999685804712
5.26361111111111,2,1,1,6.5496819147121,8.86758564068646,12,0,15.4741935483871,10,1,1,0.572983995545616
5.26666666666667,2,1,1,6.55320066793661,8.87111302942952,12,0,15.4741935483871,10,1,1,0.572968305279299
5.26972222222222,2,1,1,6.55671905103179,8.87464004713468,12,0,15.4741935483871,10,1,1,0.572952615005758
5.27277777777778,2,1,1,6.56023706403698,8.8781666938408,12,0,15.4741935483871,10,1,1,0.572936924724996
5.27583333333333,2,1,1,6.56375470699072,8.88169296958705,12,0,15.4741935483871,10,1,1,0.572921234437011
5.27888888888889,2,1,1,6.56727197993234,8.88521887441271,12,0,15.4741935483871,10,1,1,0.572905544141804
5.28194444444444,2,1,1,6.57078888290062,8.88874440835639,12,0,15.4741935483871,10,1,1,0.572889853839374
5.285,2,1,1,6.5743054159343,8.89226957145729,12,0,15.4741935483871,10,1,1,0.572874163529721
5.28805555555556,2,1,1,6.57782157907258,8.89579436375476,12,0,15.4741935483871,10,1,1,0.572858473212846
5.29111111111111,2,1,1,6.58133737235431,8.89931878528745,12,0,15.4741935483871,10,1,1,0.572842782888748
5.29416666666667,2,1,1,6.58485279581845,8.90284283609452,12,0,15.4741935483871,10,1,1,0.572827092557427
5.29722222222222,2,1,1,6.58836784950387,8.90636651621486,12,0,15.4741935483871,10,1,1,0.572811402218884
5.30027777777778,2,1,1,6.59188253344962,8.90988982568757,12,0,15.4741935483871,10,1,1,0.572795711873117
5.30333333333333,2,1,1,6.59539684769442,8.91341276455171,12,0,15.4741935483871,10,1,1,0.572780021520128
5.30638888888889,2,1,1,6.5989107922772,8.91693533284626,12,0,15.4741935483871,10,1,1,0.572764331159915
5.30944444444444,2,1,1,6.60242436723678,8.92045753061024,12,0,15.4741935483871,10,1,1,0.572748640792479
5.3125,2,1,1,6.60593757261239,8.92397935788239,12,0,15.4741935483871,10,1,1,0.57273295041782
5.31555555555556,2,1,1,6.60945040844274,8.92750081470206,12,0,15.4741935483871,10,1,1,0.572717260035938
5.31861111111111,2,1,1,6.61296287476659,8.93102190110801,12,0,15.4741935483871,10,1,1,0.572701569646832
5.32166666666667,2,1,1,6.61647497162289,8.9345426171393,12,0,15.4741935483871,10,1,1,0.572685879250503
5.32472222222222,2,1,1,6.61998669905068,8.93806296283509,12,0,15.4741935483871,10,1,1,0.57267018884695
5.32777777777778,2,1,1,6.62349805708868,8.94158293823398,12,0,15.4741935483871,10,1,1,0.572654498436174
5.33083333333333,2,1,1,6.62700904577565,8.9451025433753,12,0,15.4741935483871,10,1,1,0.572638808018174
5.33388888888889,2,1,1,6.6305196651507,8.94862177829771,12,0,15.4741935483871,10,1,1,0.572623117592951
5.33694444444444,2,1,1,6.6340299152526,8.95214064304042,12,0,15.4741935483871,10,1,1,0.572607427160504
5.34,2,1,1,6.63753979612017,8.95565913764199,12,0,15.4741935483871,10,1,1,0.572591736720833
5.34305555555556,2,1,1,6.64104930779229,8.95917726214185,12,0,15.4741935483871,10,1,1,0.572576046273938
5.34611111111111,2,1,1,6.64455845030784,8.96269501657872,12,0,15.4741935483871,10,1,1,0.572560355819819
5.34916666666667,2,1,1,6.64806722370577,8.96621240099171,12,0,15.4741935483871,10,1,1,0.572544665358476
5.35222222222222,2,1,1,6.65157562802466,8.96972941541947,12,0,15.4741935483871,10,1,1,0.572528974889909
5.35527777777778,2,1,1,6.65508366330369,8.97324605990121,12,0,15.4741935483871,10,1,1,0.572513284414118
5.35833333333333,2,1,1,6.65859132958144,8.9767623344755,12,0,15.4741935483871,10,1,1,0.572497593931103
5.36138888888889,2,1,1,6.66209862689675,8.98027823918164,12,0,15.4741935483871,10,1,1,0.572481903440863
5.36444444444444,2,1,1,6.66560555528855,8.98379377405843,12,0,15.4741935483871,10,1,1,0.572466212943399
5.3675,2,1,1,6.66911211479561,8.98730893914461,12,0,15.4741935483871,10,1,1,0.572450522438711
5.37055555555556,2,1,1,6.67261830545687,8.99082373447931,12,0,15.4741935483871,10,1,1,0.572434831926798
5.37361111111111,2,1,1,6.67612412731097,8.99433816010145,12,0,15.4741935483871,10,1,1,0.572419141407661
5.37666666666667,2,1,1,6.67962958039703,8.99785221604992,12,0,15.4741935483871,10,1,1,0.572403450881299
5.37972222222222,2,1,1,6.68313466475342,9.00136590236366,12,0,15.4741935483871,10,1,1,0.572387760347712
5.38277777777778,2,1,1,6.68663938041908,9.00487921908137,12,0,15.4741935483871,10,1,1,0.572372069806901
5.38583333333333,2,1,1,6.690143727433,9.00839216624212,12,0,15.4741935483871,10,1,1,0.572356379258865
5.38888888888889,2,1,1,6.69364770583377,9.01190474388477,12,0,15.4741935483871,10,1,1,0.572340688703604
5.39194444444444,2,1,1,6.69715131566034,9.01541695204833,12,0,15.4741935483871,10,1,1,0.572324998141118
5.395,2,1,1,6.70065455695141,9.01892879077144,12,0,15.4741935483871,10,1,1,0.572309307571407
5.39805555555556,2,1,1,6.70415742974563,9.02244026009316,12,0,15.4741935483871,10,1,1,0.57229361699447
5.40111111111111,2,1,1,6.70765993408207,9.02595136005215,12,0,15.4741935483871,10,1,1,0.572277926410309
5.40416666666667,2,1,1,6.71116206999932,9.02946209068745,12,0,15.4741935483871,10,1,1,0.572262235818923
5.40722222222222,2,1,1,6.71466383753631,9.03297245203782,12,0,15.4741935483871,10,1,1,0.572246545220311
5.41027777777778,2,1,1,6.71816523673152,9.03648244414228,12,0,15.4741935483871,10,1,1,0.572230854614474
5.41333333333333,2,1,1,6.7216662676239,9.03999206703963,12,0,15.4741935483871,10,1,1,0.572215164001411
5.41638888888889,2,1,1,6.72516693025233,9.04350132076877,12,0,15.4741935483871,10,1,1,0.572199473381123
5.41944444444444,2,1,1,6.72866722465534,9.04701020536839,12,0,15.4741935483871,10,1,1,0.572183782753609
5.4225,2,1,1,6.73216715087176,9.05051872087739,12,0,15.4741935483871,10,1,1,0.57216809211887
5.42555555555556,2,1,1,6.73566670894036,9.0540268673347,12,0,15.4741935483871,10,1,1,0.572152401476905
5.42861111111111,2,1,1,6.73916589889996,9.05753464477914,12,0,15.4741935483871,10,1,1,0.572136710827715
5.43166666666667,2,1,1,6.74266472078909,9.06104205324937,12,0,15.4741935483871,10,1,1,0.572121020171298
5.43472222222222,2,1,1,6.7461631746466,9.06454909278438,12,0,15.4741935483871,10,1,1,0.572105329507656
5.43777777777778,2,1,1,6.7496612605114,9.06805576342293,12,0,15.4741935483871,10,1,1,0.572089638836788
5.44083333333333,2,1,1,6.75315897842194,9.07156206520392,12,0,15.4741935483871,10,1,1,0.572073948158694
5.44388888888889,2,1,1,6.75665632841691,9.07506799816616,12,0,15.4741935483871,10,1,1,0.572058257473373
5.44694444444444,2,1,1,6.76015331053532,9.07857356234848,12,0,15.4741935483871,10,1,1,0.572042566780827
5.45,2,1,1,6.7636499248157,9.08207875778942,12,0,15.4741935483871,10,1,1,0.572026876081054
5.45305555555556,2,1,1,6.76714617129682,9.08558358452825,12,0,15.4741935483871,10,1,1,0.572011185374056
5.45611111111111,2,1,1,6.7706420500175,9.08908804260346,12,0,15.4741935483871,10,1,1,0.57199549465983
5.45916666666667,2,1,1,6.77413756101606,9.09259213205399,12,0,15.4741935483871,10,1,1,0.571979803938379
5.46222222222222,2,1,1,6.77763270433138,9.09609585291861,12,0,15.4741935483871,10,1,1,0.571964113209701
5.46527777777778,2,1,1,6.78112748000223,9.09959920523585,12,0,15.4741935483871,10,1,1,0.571948422473796
5.46833333333333,2,1,1,6.78462188806753,9.10310218904476,12,0,15.4741935483871,10,1,1,0.571932731730665
5.47138888888889,2,1,1,6.78811592856556,9.1066048043844,12,0,15.4741935483871,10,1,1,0.571917040980307
5.47444444444444,2,1,1,6.79160960153513,9.11010705129303,12,0,15.4741935483871,10,1,1,0.571901350222722
5.4775,2,1,1,6.79510290701489,9.1136089298094,12,0,15.4741935483871,10,1,1,0.571885659457911
5.48055555555556,2,1,1,6.79859584504351,9.11711043997258,12,0,15.4741935483871,10,1,1,0.571869968685873
5.48361111111111,2,1,1,6.80208841565974,9.12061158182115,12,0,15.4741935483871,10,1,1,0.571854277906607
5.48666666666667,2,1,1,6.8055806189023,9.12411235539406,12,0,15.4741935483871,10,1,1,0.571838587120115
5.48972222222222,2,1,1,6.80907245480961,9.12761276073013,12,0,15.4741935483871,10,1,1,0.571822896326396
5.49277777777778,2,1,1,6.81256392342038,9.13111279786779,12,0,15.4741935483871,10,1,1,0.571807205525449
5.49583333333333,2,1,1,6.81605502477356,9.13461246684591,12,0,15.4741935483871,10,1,1,0.571791514717276
5.49888888888889,2,1,1,6.81954575890762,9.13811176770332,12,0,15.4741935483871,10,1,1,0.571775823901875
5.50194444444444,2,1,1,6.82303612586111,9.14161070047868,12,0,15.4741935483871,10,1,1,0.571760133079246
5.505,2,1,1,6.82652612567273,9.14510926521064,12,0,15.4741935483871,10,1,1,0.571744442249391
5.50805555555556,2,1,1,6.83001575838114,9.14860746193813,12,0,15.4741935483871,10,1,1,0.571728751412308
5.51111111111111,2,1,1,6.83350502402499,9.15210529069981,12,0,15.4741935483871,10,1,1,0.571713060567997
5.51416666666667,2,1,1,6.83699392264293,9.15560275153433,12,0,15.4741935483871,10,1,1,0.571697369716459
5.51722222222222,2,1,1,6.84048245427346,9.15909984448058,12,0,15.4741935483871,10,1,1,0.571681678857693
5.52027777777778,2,1,1,6.84397061895515,9.16259656957715,12,0,15.4741935483871,10,1,1,0.571665987991699
5.52333333333333,2,1,1,6.84745841672697,9.16609292686263,12,0,15.4741935483871,10,1,1,0.571650297118478
5.52638888888889,2,1,1,6.8509458476272,9.1695889163758,12,0,15.4741935483871,10,1,1,0.571634606238029
5.52944444444444,2,1,1,6.85443291169463,9.17308453815565,12,0,15.4741935483871,10,1,1,0.571618915350351
5.5325,2,1,1,6.85791960896796,9.17657979224055,12,0,15.4741935483871,10,1,1,0.571603224455446
5.53555555555556,2,1,1,6.86140593948551,9.18007467866931,12,0,15.4741935483871,10,1,1,0.571587533553313
5.53861111111111,2,1,1,6.86489190328598,9.18356919748061,12,0,15.4741935483871,10,1,1,0.571571842643952
5.54166666666667,2,1,1,6.86837750040786,9.1870633487132,12,0,15.4741935483871,10,1,1,0.571556151727362
5.54472222222222,2,1,1,6.8718627308898,9.19055713240556,12,0,15.4741935483871,10,1,1,0.571540460803544
5.54777777777778,2,1,1,6.87534759477046,9.19405054859652,12,0,15.4741935483871,10,1,1,0.571524769872498
5.55083333333333,2,1,1,6.87883209208843,9.19754359732468,12,0,15.4741935483871,10,1,1,0.571509078934224
5.55388888888889,2,1,1,6.88231622288214,9.20103627862875,12,0,15.4741935483871,10,1,1,0.571493387988721
5.55694444444444,2,1,1,6.88579998719041,9.20452859254738,12,0,15.4741935483871,10,1,1,0.57147769703599
5.56,2,1,1,6.88928338505184,9.2080205391195,12,0,15.4741935483871,10,1,1,0.57146200607603
5.56305555555556,2,1,1,6.89276641650463,9.21151211838338,12,0,15.4741935483871,10,1,1,0.571446315108841
5.56611111111111,2,1,1,6.89624908158754,9.21500333037767,12,0,15.4741935483871,10,1,1,0.571430624134424
5.56916666666667,2,1,1,6.89973138033901,9.2184941751413,12,0,15.4741935483871,10,1,1,0.571414933152778
5.57222222222222,2,1,1,6.90321331279773,9.22198465271282,12,0,15.4741935483871,10,1,1,0.571399242163903
5.57527777777778,2,1,1,6.90669487900226,9.22547476313088,12,0,15.4741935483871,10,1,1,0.5713835511678
5.57833333333333,2,1,1,6.91017607899096,9.22896450643401,12,0,15.4741935483871,10,1,1,0.571367860164467
5.58138888888889,2,1,1,6.91365691280254,9.23245388266093,12,0,15.4741935483871,10,1,1,0.571352169153905
5.58444444444444,2,1,1,6.91713738047542,9.2359428918503,12,0,15.4741935483871,10,1,1,0.571336478136114
5.5875,2,1,1,6.92061748204821,9.23943153404076,12,0,15.4741935483871,10,1,1,0.571320787111094
5.59055555555556,2,1,1,6.92409721755945,9.2429198092708,12,0,15.4741935483871,10,1,1,0.571305096078845
5.59361111111111,2,1,1,6.92757658704761,9.24640771757896,12,0,15.4741935483871,10,1,1,0.571289405039366
5.59666666666667,2,1,1,6.93105559055124,9.24989525900412,12,0,15.4741935483871,10,1,1,0.571273713992658
5.59972222222222,2,1,1,6.93453422810893,9.25338243358465,12,0,15.4741935483871,10,1,1,0.571258022938721
5.60277777777778,2,1,1,6.93801249975917,9.25686924135942,12,0,15.4741935483871,10,1,1,0.571242331877554
5.60583333333333,2,1,1,6.94149040554055,9.26035568236682,12,0,15.4741935483871,10,1,1,0.571226640809158
5.60888888888889,2,1,1,6.94496794549133,9.26384175664566,12,0,15.4741935483871,10,1,1,0.571210949733532
5.61194444444444,2,1,1,6.94844511965005,9.26732746423426,12,0,15.4741935483871,10,1,1,0.571195258650676
5.615,2,1,1,6.95192192805519,9.27081280517137,12,0,15.4741935483871,10,1,1,0.571179567560591
5.61805555555556,2,1,1,6.95539837074546,9.27429777949561,12,0,15.4741935483871,10,1,1,0.571163876463275
5.62111111111111,2,1,1,6.9588744477594,9.27778238724534,12,0,15.4741935483871,10,1,1,0.57114818535873
5.62416666666667,2,1,1,6.9623501591351,9.28126662845955,12,0,15.4741935483871,10,1,1,0.571132494246955
5.62722222222222,2,1,1,6.96582550491121,9.28475050317638,12,0,15.4741935483871,10,1,1,0.57111680312795
5.63027777777778,2,1,1,6.96930048512615,9.28823401143467,12,0,15.4741935483871,10,1,1,0.571101112001715
5.63333333333333,2,1,1,6.97277509981853,9.29171715327271,12,0,15.4741935483871,10,1,1,0.57108542086825
5.63638888888889,2,1,1,6.97624934902666,9.29519992872923,12,0,15.4741935483871,10,1,1,0.571069729727554
5.63944444444444,2,1,1,6.97972323278913,9.29868233784288,12,0,15.4741935483871,10,1,1,0.571054038579628
5.6425,2,1,1,6.98319675114453,9.30216438065224,12,0,15.4741935483871,10,1,1,0.571038347424472
5.64555555555556,2,1,1,6.98666990413102,9.30564605719559,12,0,15.4741935483871,10,1,1,0.571022656262086
5.64861111111111,2,1,1,6.99014269178724,9.30912736751196,12,0,15.4741935483871,10,1,1,0.571006965092469
5.65166666666667,2,1,1,6.99361511415145,9.31260831163934,12,0,15.4741935483871,10,1,1,0.570991273915622
5.65472222222222,2,1,1,6.99708717126242,9.31608888961642,12,0,15.4741935483871,10,1,1,0.570975582731544
5.65777777777778,2,1,1,7.00055886315823,9.31956910148187,12,0,15.4741935483871,10,1,1,0.570959891540235
5.66083333333333,2,1,1,7.00403018987748,9.323048947274,12,0,15.4741935483871,10,1,1,0.570944200341696
5.66388888888889,2,1,1,7.00750115145854,9.32652842703158,12,0,15.4741935483871,10,1,1,0.570928509135925
5.66694444444444,2,1,1,7.01097174793989,9.33000754079296,12,0,15.4741935483871,10,1,1,0.570912817922924
5.67,2,1,1,7.0144419793599,9.33348628859676,12,0,15.4741935483871,10,1,1,0.570897126702692
5.67305555555556,2,1,1,7.01791184575711,9.33696467048151,12,0,15.4741935483871,10,1,1,0.570881435475229
5.67611111111111,2,1,1,7.02138134716978,9.34044268648563,12,0,15.4741935483871,10,1,1,0.570865744240535
5.67916666666667,2,1,1,7.02485048363644,9.3439203366475,12,0,15.4741935483871,10,1,1,0.57085005299861
5.68222222222222,2,1,1,7.02831925519541,9.34739762100588,12,0,15.4741935483871,10,1,1,0.570834361749454
5.68527777777778,2,1,1,7.03178766188523,9.35087453959909,12,0,15.4741935483871,10,1,1,0.570818670493067
5.68833333333333,2,1,1,7.03525570374416,9.35435109246572,12,0,15.4741935483871,10,1,1,0.570802979229448
5.69138888888889,2,1,1,7.03872338081038,9.35782727964437,12,0,15.4741935483871,10,1,1,0.570787287958598
5.69444444444444,2,1,1,7.04219069312285,9.36130310117323,12,0,15.4741935483871,10,1,1,0.570771596680516
5.6975,2,1,1,7.04565764071953,9.36477855709092,12,0,15.4741935483871,10,1,1,0.570755905395203
5.70055555555556,2,1,1,7.04912422363901,9.36825364743606,12,0,15.4741935483871,10,1,1,0.570740214102658
5.70361111111111,2,1,1,7.05259044191951,9.37172837224693,12,0,15.4741935483871,10,1,1,0.570724522802882
5.70666666666667,2,1,1,7.05605629559949,9.37520273156201,12,0,15.4741935483871,10,1,1,0.570708831495874
5.70972222222222,2,1,1,7.05952178471699,9.37867672541984,12,0,15.4741935483871,10,1,1,0.570693140181634
5.71277777777778,2,1,1,7.06298690931089,9.38215035385883,12,0,15.4741935483871,10,1,1,0.570677448860163
5.71583333333333,2,1,1,7.06645166941922,9.38562361691743,12,0,15.4741935483871,10,1,1,0.570661757531459
5.71888888888889,2,1,1,7.06991606508052,9.38909651463416,12,0,15.4741935483871,10,1,1,0.570646066195524
5.72194444444444,2,1,1,7.0733800963331,9.39256904704735,12,0,15.4741935483871,10,1,1,0.570630374852356
5.725,2,1,1,7.07684376321521,9.39604121419563,12,0,15.4741935483871,10,1,1,0.570614683501957
5.72805555555556,2,1,1,7.08030706576534,9.39951301611711,12,0,15.4741935483871,10,1,1,0.570598992144325
5.73111111111111,2,1,1,7.08377000402157,9.40298445285055,12,0,15.4741935483871,10,1,1,0.570583300779461
5.73416666666667,2,1,1,7.08723257802257,9.40645552443431,12,0,15.4741935483871,10,1,1,0.570567609407365
5.73722222222222,2,1,1,7.09069478780646,9.40992623090671,12,0,15.4741935483871,10,1,1,0.570551918028037
5.74027777777778,2,1,1,7.09415663341161,9.41339657230634,12,0,15.4741935483871,10,1,1,0.570536226641476
5.74333333333333,2,1,1,7.09761811487635,9.41686654867152,12,0,15.4741935483871,10,1,1,0.570520535247683
5.74638888888889,2,1,1,7.10107923223916,9.42033616004079,12,0,15.4741935483871,10,1,1,0.570504843846657
5.74944444444444,2,1,1,7.10453998553805,9.42380540645229,12,0,15.4741935483871,10,1,1,0.570489152438398
5.7525,2,1,1,7.1080003748117,9.42727428794456,12,0,15.4741935483871,10,1,1,0.570473461022907
5.75555555555556,2,1,1,7.11146040009794,9.4307428045559,12,0,15.4741935483871,10,1,1,0.570457769600183
5.75861111111111,2,1,1,7.11492006143538,9.43421095632499,12,0,15.4741935483871,10,1,1,0.570442078170227
5.76166666666667,2,1,1,7.11837935886246,9.43767874328984,12,0,15.4741935483871,10,1,1,0.570426386733037
5.76472222222222,2,1,1,7.12183829241724,9.44114616548916,12,0,15.4741935483871,10,1,1,0.570410695288615
5.76777777777778,2,1,1,7.12529686213804,9.44461322296115,12,0,15.4741935483871,10,1,1,0.570395003836959
5.77083333333333,2,1,1,7.12875506806307,9.44807991574436,12,0,15.4741935483871,10,1,1,0.570379312378071
5.77388888888889,2,1,1,7.13221291023069,9.45154624387703,12,0,15.4741935483871,10,1,1,0.570363620911949
5.77694444444444,2,1,1,7.13567038867922,9.45501220739766,12,0,15.4741935483871,10,1,1,0.570347929438594
5.78,2,1,1,7.13912750344701,9.45847780634438,12,0,15.4741935483871,10,1,1,0.570332237958007
5.78305555555556,2,1,1,7.14258425457234,9.46194304075595,12,0,15.4741935483871,10,1,1,0.570316546470185
5.78611111111111,2,1,1,7.14604064209323,9.46540791067054,12,0,15.4741935483871,10,1,1,0.570300854975131
5.78916666666667,2,1,1,7.14949666604809,9.46887241612626,12,0,15.4741935483871,10,1,1,0.570285163472843
5.79222222222222,2,1,1,7.15295232647532,9.47233655716167,12,0,15.4741935483871,10,1,1,0.570269471963321
5.79527777777778,2,1,1,7.15640762341286,9.47580033381496,12,0,15.4741935483871,10,1,1,0.570253780446566
5.79833333333333,2,1,1,7.15986255689933,9.47926374612479,12,0,15.4741935483871,10,1,1,0.570238088922577
5.80138888888889,2,1,1,7.16331712697257,9.48272679412935,12,0,15.4741935483871,10,1,1,0.570222397391355
5.80444444444444,2,1,1,7.16677133367131,9.4861894778669,12,0,15.4741935483871,10,1,1,0.570206705852899
5.8075,2,1,1,7.17022517703339,9.48965179737581,12,0,15.4741935483871,10,1,1,0.570191014307209
5.81055555555556,2,1,1,7.17367865709718,9.49311375269463,12,0,15.4741935483871,10,1,1,0.570175322754285
5.81361111111111,2,1,1,7.17713177390095,9.49657534386137,12,0,15.4741935483871,10,1,1,0.570159631194127
5.81666666666667,2,1,1,7.18058452748289,9.50003657091463,12,0,15.4741935483871,10,1,1,0.570143939626735
5.81972222222222,2,1,1,7.18403691788114,9.50349743389245,12,0,15.4741935483871,10,1,1,0.570128248052109
5.82277777777778,2,1,1,7.18748894513408,9.50695793283336,12,0,15.4741935483871,10,1,1,0.570112556470249
5.82583333333333,2,1,1,7.19094060927989,9.51041806777545,12,0,15.4741935483871,10,1,1,0.570096864881155
5.82888888888889,2,1,1,7.19439191035667,9.51387783875737,12,0,15.4741935483871,10,1,1,0.570081173284826
5.83194444444444,2,1,1,7.19784284840267,9.51733724581709,12,0,15.4741935483871,10,1,1,0.570065481681264
5.835,2,1,1,7.20129342345626,9.52079628899298,12,0,15.4741935483871,10,1,1,0.570049790070467
5.83805555555556,2,1,1,7.2047436355553,9.52425496832353,12,0,15.4741935483871,10,1,1,0.570034098452435
5.84111111111111,2,1,1,7.20819348473822,9.52771328384671,12,0,15.4741935483871,10,1,1,0.570018406827168
5.84416666666667,2,1,1,7.21164297104326,9.53117123560099,12,0,15.4741935483871,10,1,1,0.570002715194667
5.84722222222222,2,1,1,7.21509209450846,9.5346288236247,12,0,15.4741935483871,10,1,1,0.569987023554931
5.85027777777778,2,1,1,7.21854085517202,9.5380860479558,12,0,15.4741935483871,10,1,1,0.56997133190796
5.85333333333333,2,1,1,7.22198925307237,9.54154290863312,12,0,15.4741935483871,10,1,1,0.569955640253755
5.85638888888889,2,1,1,7.22543728824735,9.54499940569463,12,0,15.4741935483871,10,1,1,0.569939948592315
5.85944444444444,2,1,1,7.22888496073523,9.54845553917846,12,0,15.4741935483871,10,1,1,0.56992425692364
5.8625,2,1,1,7.23233227057426,9.55191130912294,12,0,15.4741935483871,10,1,1,0.56990856524773
5.86555555555556,2,1,1,7.23577921780253,9.55536671556649,12,0,15.4741935483871,10,1,1,0.569892873564586
5.86861111111111,2,1,1,7.23922580245812,9.5588217585472,12,0,15.4741935483871,10,1,1,0.569877181874207
5.87166666666667,2,1,1,7.24267202457929,9.56227643810337,12,0,15.4741935483871,10,1,1,0.569861490176593
5.87472222222222,2,1,1,7.24611788420424,9.56573075427315,12,0,15.4741935483871,10,1,1,0.569845798471744
5.87777777777778,2,1,1,7.24956338137105,9.56918470709513,12,0,15.4741935483871,10,1,1,0.569830106759659
5.88083333333333,2,1,1,7.25300851611792,9.57263829660718,12,0,15.4741935483871,10,1,1,0.569814415040339
5.88388888888889,2,1,1,7.25645328848276,9.57609152284772,12,0,15.4741935483871,10,1,1,0.569798723313784
5.88694444444444,2,1,1,7.25989769850389,9.57954438585483,12,0,15.4741935483871,10,1,1,0.569783031579993
5.89,2,1,1,7.26334174621962,9.58299688566683,12,0,15.4741935483871,10,1,1,0.569767339838967
5.89305555555556,2,1,1,7.26678543166781,9.58644902232203,12,0,15.4741935483871,10,1,1,0.569751648090704
5.89611111111111,2,1,1,7.27022875488672,9.58990079585845,12,0,15.4741935483871,10,1,1,0.569735956335207
5.89916666666667,2,1,1,7.27367171591436,9.59335220631459,12,0,15.4741935483871,10,1,1,0.569720264572473
5.90222222222222,2,1,1,7.27711431478895,9.59680325372852,12,0,15.4741935483871,10,1,1,0.569704572802504
5.90527777777778,2,1,1,7.2805565515485,9.60025393813805,12,0,15.4741935483871,10,1,1,0.569688881025299
5.90833333333333,2,1,1,7.28399842623128,9.60370425958183,12,0,15.4741935483871,10,1,1,0.569673189240858
5.91138888888889,2,1,1,7.2874399388752,9.60715421809795,12,0,15.4741935483871,10,1,1,0.569657497449181
5.91444444444444,2,1,1,7.29088108951851,9.61060381372448,12,0,15.4741935483871,10,1,1,0.569641805650268
5.9175,2,1,1,7.29432187819913,9.61405304649992,12,0,15.4741935483871,10,1,1,0.569626113844119
5.92055555555556,2,1,1,7.29776230495543,9.61750191646212,12,0,15.4741935483871,10,1,1,0.569610422030733
5.92361111111111,2,1,1,7.30120236982498,9.62095042364939,12,0,15.4741935483871,10,1,1,0.569594730210112
5.92666666666667,2,1,1,7.30464207284638,9.62439856809993,12,0,15.4741935483871,10,1,1,0.569579038382254
5.92972222222222,2,1,1,7.30808141405754,9.62784634985184,12,0,15.4741935483871,10,1,1,0.569563346547159
5.93277777777778,2,1,1,7.31152039349666,9.63129376894329,12,0,15.4741935483871,10,1,1,0.569547654704829
5.93583333333333,2,1,1,7.31495901120161,9.63474082541268,12,0,15.4741935483871,10,1,1,0.569531962855261
5.93888888888889,2,1,1,7.31839726721057,9.63818751929801,12,0,15.4741935483871,10,1,1,0.569516270998458
5.94194444444444,2,1,1,7.32183516156147,9.64163385063739,12,0,15.4741935483871,10,1,1,0.569500579134417
5.945,2,1,1,7.32527269429232,9.645079819469,12,0,15.4741935483871,10,1,1,0.56948488726314
5.94805555555556,2,1,1,7.32870986544145,9.648525425831,12,0,15.4741935483871,10,1,1,0.569469195384626
5.95111111111111,2,1,1,7.33214667504677,9.65197066976145,12,0,15.4741935483871,10,1,1,0.569453503498876
5.95416666666667,2,1,1,7.33558312314636,9.65541555129857,12,0,15.4741935483871,10,1,1,0.569437811605888
5.95722222222222,2,1,1,7.3390192097782,9.6588600704805,12,0,15.4741935483871,10,1,1,0.569422119705664
5.96027777777778,2,1,1,7.34245493498037,9.66230422734526,12,0,15.4741935483871,10,1,1,0.569406427798202
5.96333333333333,2,1,1,7.34589029879083,9.66574802193122,12,0,15.4741935483871,10,1,1,0.569390735883504
5.96638888888889,2,1,1,7.34932530124775,9.66919145427619,12,0,15.4741935483871,10,1,1,0.569375043961568
5.96944444444444,2,1,1,7.3527599423889,9.67263452441864,12,0,15.4741935483871,10,1,1,0.569359352032395
5.9725,2,1,1,7.3561942222525,9.67607723239644,12,0,15.4741935483871,10,1,1,0.569343660095985
5.97555555555556,2,1,1,7.35962814087662,9.67951957824778,12,0,15.4741935483871,10,1,1,0.569327968152338
5.97861111111111,2,1,1,7.36306169829925,9.68296156201075,12,0,15.4741935483871,10,1,1,0.569312276201453
5.98166666666667,2,1,1,7.3664948945584,9.68640318372354,12,0,15.4741935483871,10,1,1,0.569296584243331
5.98472222222222,2,1,1,7.36992772969199,9.68984444342414,12,0,15.4741935483871,10,1,1,0.569280892277971
5.98777777777778,2,1,1,7.37336020373806,9.69328534115067,12,0,15.4741935483871,10,1,1,0.569265200305374
5.99083333333333,2,1,1,7.37679231673468,9.69672587694112,12,0,15.4741935483871,10,1,1,0.569249508325538
5.99388888888889,2,1,1,7.38022406871971,9.70016605083373,12,0,15.4741935483871,10,1,1,0.569233816338466
5.99694444444444,2,1,1,7.38365545973113,9.70360586286648,12,0,15.4741935483871,10,1,1,0.569218124344155
6,2,1,1,7.38708648980713,9.70704531307769,12,0,15.4741935483871,10,1,1,0.569202432342607
